ワーデンメイル,3082,{'Armor': '40'},[],{},['自動効果(重複不可) - 冷たい鋼:通常攻撃を受けた際、攻撃者の攻撃速度を15%低下させる。効果は1秒間持続する。'], <stats>物理防御 +40</stats><br><br><unique>自動効果(重複不可) - 冷たい鋼:</unique> 通常攻撃を受けた際、攻撃者の攻撃速度を15%低下させる。効果は1秒間持続する。
フラッシュ・ゾーン,3640,{},[],{},[], <br><font color='#FF9900'>限られた範囲内で、味方チームが連続して「フラッシュ」を使用できるようになる。</font><br><br>5秒間持続する、味方チームのための魔法のゾーンを生成する。ゾーン内にいる味方チーム全員のサモナースペルが、ゾーン内のどこにでも瞬間移動できる即時発動可能なスペルに置き換わる(クールダウン1秒)。
ラバドン・デスキャップ,3089,{'AbilityPower': '120'},[],{},['自動効果(重複不可) :魔力を40%増加させる。'], <stats>魔力 +120 </stats><br><br><unique>自動効果(重複不可) :</unique> 魔力を40%増加させる。
スタティック・シヴ,3087,"{'AttackSpeed': '35', 'CriticalStrikeChance': '30', 'PercentMovementSpeed': '5'}",['自動効果:移動と攻撃によりスタックが溜まり、最大までスタックするとエネルギー充填状態の攻撃が可能になる。'],{},['自動効果(重複不可) - 電撃の刃:エネルギー充填状態の攻撃は命中時に60 - 140の追加魔法ダメージ(レベルに比例)を最大で5体の敵に与える(クリティカルが発生する可能性あり)。'], <stats>攻撃速度 +35%<br>クリティカル率 +30%<br>移動速度 +5%</stats><br><br><passive>自動効果:</passive> 移動と攻撃によりスタックが溜まり、最大までスタックすると<a href='Energized'>エネルギー充填</a>状態の攻撃が可能になる。<br><br><unique>自動効果(重複不可) - 電撃の刃:</unique> エネルギー充填状態の攻撃は命中時に60 - 140の追加魔法ダメージ(レベルに比例)を最大で5体の敵に与える(クリティカルが発生する可能性あり)。
ジール,3086,"{'AttackSpeed': '15', 'CriticalStrikeChance': '20'}",[],{'PercentMovementSpeed': '5'},[], <stats>攻撃速度 +15%<br>クリティカル率 +20%</stats><br><br><unique>自動効果(重複不可) :</unique> 移動速度 +5%
ルナーン・ハリケーン,3085,"{'AttackSpeed': '40', 'CriticalStrikeChance': '30', 'PercentMovementSpeed': '7'}",[],{},['自動効果(重複不可) - 連撃の風:通常攻撃時、対象の周囲にいる敵(最大2体)にも矢を放つ。この矢はそれぞれ攻撃力の40%の物理ダメージを与える。矢にはクリティカル判定があり、通常攻撃時効果が適用される。'], <stats>攻撃速度 +40%<br>クリティカル率 +30%<br>移動速度 +7%</stats><br><br><unique>自動効果(重複不可) - 連撃の風:</unique> 通常攻撃時、対象の周囲にいる敵(最大2体)にも矢を放つ。この矢はそれぞれ攻撃力の40%の物理ダメージを与える。矢にはクリティカル判定があり、通常攻撃時効果が適用される。
ワーモグアーマー,3083,"{'Health': '800', 'HealthRegeneration': '200'}",[],{'CooldownReduction': '10'},['自動効果(重複不可):最大体力が3000以上の場合、'], <stats>体力 +800<br>基本体力自動回復 +200%</stats><br><br><unique>自動効果(重複不可):</unique> クールダウン短縮 +10%<br><unique>自動効果(重複不可):</unique> 最大体力が3000以上の場合、<unlockedPassive>「ワーモグの心臓」</unlockedPassive>が付与される。<br><br><unlockedPassive>ワーモグの心臓:</unlockedPassive> 6秒間ダメージを受けずにいると、最大体力の25%を5秒毎に回復する(ミニオンやモンスターからのダメージ後は3秒間)。
壊れたストップウォッチ,2424,{},[],{},['自動効果(重複不可): 壊れているがアップグレードは可能。'], <unique>自動効果(重複不可): </unique>壊れているがアップグレードは可能。<br><br><rules>一度「ストップウォッチ」を使用して壊すと、その後「壊れたストップウォッチ」しか買えなくなる。</rules>
ストップウォッチ,2423,{},['発動効果(重複不可) - 固有時停止:2.5秒間自身が無敵状態になり、対象指定されない。この間、自身は移動、攻撃、スキルやアイテムの使用など、一切の行動ができなくなる(使用は一度のみ)。'],{},[], <active>発動効果(重複不可) - 固有時停止: </active>2.5秒間自身が無敵状態になり、対象指定されない。この間、自身は移動、攻撃、スキルやアイテムの使用など、一切の行動ができなくなる(使用は一度のみ)。
ジ＝ロット・ポータル,3512,"{'Armor': '55', 'MagicResistance': '55', 'HealthRegeneration': '125'}",['発動効果(重複不可):120秒間「ヴォイドゲート」を召喚する (クールダウン 120秒)。'],{},['自動効果(重複不可) - ポイントランナー:タワー (破壊されたものを含む) および「ヴォイドゲート」付近では、2秒にわたり移動速度が最大20%増加。'], <stats>物理防御 +55<br>魔法防御 +55<br>基本体力自動回復 +125% <br></stats><br><unique>自動効果(重複不可) - ポイントランナー:</unique> タワー (破壊されたものを含む) および「ヴォイドゲート」付近では、2秒にわたり移動速度が最大20%増加。<br><active>発動効果(重複不可): </active>120秒間<a href='VoidGate'>「ヴォイドゲート」</a>を召喚する (クールダウン 120秒)。<br><br>この扉は4秒毎に<a href='Voidspawn'>ヴォイドスポーン</a>を産む。最初の1匹と4匹ごとに出現するヴォイドスポーンは、最大体力の15%に相当するダメージを追加で獲得する。
ちょっとだけ魔法がかったブーツ,2422,{},[],{'FlatMovementSpeed': '10'},[], <groupLimit>ブーツの所持上限は1。</groupLimit><br><br><unique>自動効果(重複不可) - 移動速度強化: </unique>移動速度 +25<br><br><unique>自動効果(重複不可): </unique>移動速度 +10<br><br>ちょっとだけ魔法がかったブーツをアップグレードすると移動速度 +10を引き継ぐ。
壊れたストップウォッチ,2421,{},[],{},['自動効果(重複不可): 壊れているがアップグレードは可能。'], <unique>自動効果(重複不可): </unique>壊れているがアップグレードは可能。<br><br><rules>一度「ストップウォッチ」を使用して壊すと、その後「壊れたストップウォッチ」しか買えなくなる。</rules>
ストップウォッチ,2420,{},['発動効果(重複不可) - 固有時停止:2.5秒間自身が無敵状態になり、対象指定されない。この間、自身は移動、攻撃、スキルやアイテムの使用など、一切の行動ができなくなる(使用は一度のみ)。'],{},[], <active>発動効果(重複不可) - 固有時停止: </active>2.5秒間自身が無敵状態になり、対象指定されない。この間、自身は移動、攻撃、スキルやアイテムの使用など、一切の行動ができなくなる(使用は一度のみ)。
バミ・シンダー,3751,{'Health': '200'},[],{},['自動効果(重複不可) - 猛火:周囲の敵に毎秒5 (1 x チャンピオンのレベル) の魔法ダメージを与える。ミニオンおよび中立モンスターには、ダメージが100%増加する。'], <stats>体力 +200</stats><br><br><unique>自動効果(重複不可) - 猛火:</unique> 周囲の敵に毎秒5 (+1 x チャンピオンのレベル) の魔法ダメージを与える。ミニオンおよび中立モンスターには、ダメージが100%増加する。
シージ・バリスタ,3631,{},[],{},[], <br><font color='#FF9900'>一番近いタワーを攻撃するバリスタを設置する。</font><br><br>敵タワーの射程2200以内に長射程バリスタを設置する。設置後5秒経ってから、一番近い敵タワーに攻撃を始め、大きなダメージを与える。対象のタワーが破壊されるとバリスタも破壊される。
タワー: 破壊ビーム,3634,{},[],{},[], <br><font color='#FF9900'>取り付けてから再発動するとタワーからカーソル方向にダメージビームを発射する。</font><br><br><font color='#FF9900'>発動初回:</font> 指定したタワーに3回発射可能なスレイヤービームを取り付ける。<br></br><font color='#FF9900'>2回目以降の発動(3回まで):</font> 取り付けたビームをカーソルの方向に発射して、線上の全てのターゲットに30/レベル+ターゲットの最大体力の30%の魔法ダメージを与える (ミニオンに対しては20%)。<br></br><br></br>ビームは15秒間、または3回発射するまで持続する。
テレポートパッド,3635,{},[],{},[], <br><font color='#FF9900'>追加のテレポート対象を設置する。</font><br><br>指定した位置に「テレポートパッド」を設置する。設置後4秒経過すると発動し、味方チームが本拠地からのテレポート地点として使用できるようになる。
タワー: ファイアストームの防壁,3636,{},[],{},[], <br><font color='#FF9900'>タワーを無敵化し、その後ミサイルの雨を降らせる。</font><br><br>タワーを6秒間無敵にする。効果終了の2秒前になるとミサイルの雨を降らせ、効果終了までに2600確定ダメージを周囲の敵全てに与える。<br><br>同じタワーに対しては15秒に1回まで使用できる。
ウォッチャーのレムナント,3092,"{'Health': '200', 'AbilityPower': '35', 'CooldownReduction': '10', 'ManaRegeneration': '50'}","['発動効果(重複不可) - ワード設置:1チャージ消費して、周囲の視界を確保する「ステルスワード」1個を設置する。効果は150秒間持続する。最大4チャージで、ショップを訪れることで補充できる。', 'クエスト:このアイテムの効果で500ゴールドを獲得する。']",{},['自動効果(重複不可) - 徴収:チャンピオンまたは建造物にダメージスキルか通常攻撃を行うと、個々のスキルの使用1回につき、18の追加魔法ダメージを与え、20ゴールドを獲得する。この効果は30秒毎に最大3回まで発生する。クエスト完了前は、ミニオンまたはエピック以外のモンスターを倒すたびに、「徴収」スタックおよびゴールド増加効果の獲得が遅くなる。'], <stats>体力 +200<br>魔力 +35<br>クールダウン短縮 +10%<br>獲得ゴールド(10秒毎) +2<br><mana>基本マナ自動回復 +50%</mana></stats><br><br><unique>自動効果(重複不可) - 徴収:</unique> チャンピオンまたは建造物にダメージスキルか通常攻撃を行うと、個々のスキルの使用1回につき、18の追加魔法ダメージを与え、20ゴールドを獲得する。この効果は30秒毎に最大3回まで発生する。クエスト完了前は、ミニオンまたはエピック以外のモンスターを倒すたびに、「徴収」スタックおよびゴールド増加効果の獲得が遅くなる。<hr><passive>クエスト:</passive> このアイテムの効果で500ゴールドを獲得する。<br><passive>報酬:</passive> <active>発動効果(重複不可) - ワード設置:</active> 1チャージ消費して、周囲の視界を確保する<font color='#BBFFFF'>「ステルスワード」</font>1個を設置する。効果は150秒間持続する。最大4チャージで、ショップを訪れることで補充できる。<br><br><groupLimit>所持可能なゴールド増加アイテムは1個のみ。</groupLimit>
ウィッツエンド,3091,"{'AttackSpeed': '40', 'MagicResistance': '40'}",[],{},"['自動効果(重複不可):通常攻撃が命中した際に42の追加魔法ダメージを与える。', '自動効果(重複不可):通常攻撃が命中した対象の魔法防御を3奪う(自身が近接攻撃チャンピオンの場合は6)。奪える魔法防御は最大で30まで。']", <stats>攻撃速度 +40%<br>魔法防御 +40</stats><br><br><unique>自動効果(重複不可):</unique> 通常攻撃が命中した際に42の追加魔法ダメージを与える。<br><unique>自動効果(重複不可):</unique> 通常攻撃が命中した対象の魔法防御を3奪う(自身が近接攻撃チャンピオンの場合は6)。奪える魔法防御は最大で30まで。
フロストファング,3098,"{'AbilityPower': '20', 'ManaRegeneration': '50', 'CooldownReduction': '10'}","['発動効果(重複不可) - ワード設置:1チャージ消費して、周囲の視界を確保する「ステルスワード」1個を設置する。効果は150秒間持続する。最大3チャージで、ショップを訪れることで補充できる。', 'クエスト:このアイテムの効果で500ゴールドを獲得する。']",{},['自動効果(重複不可) - 徴収:敵チャンピオンまたは建造物にダメージスキルか通常攻撃を行うと、個々のスキルの使用1回につき、18の追加魔法ダメージを与え、20ゴールドを獲得する。この効果は30秒毎に最大3回まで発生する。クエスト完了前は、ミニオンまたはエピック以外のモンスターを倒すたびに、「徴収」スタックおよびゴールド増加効果の獲得が遅くなる。'], <stats>魔力 +20<br>獲得ゴールド(10秒毎) +2<br><mana>基本マナ自動回復 +50%</mana><br>クールダウン短縮 +10%</stats><br><br><unique>自動効果(重複不可) - 徴収:</unique> 敵チャンピオンまたは建造物にダメージスキルか通常攻撃を行うと、個々のスキルの使用1回につき、18の追加魔法ダメージを与え、20ゴールドを獲得する。この効果は30秒毎に最大3回まで発生する。クエスト完了前は、ミニオンまたはエピック以外のモンスターを倒すたびに、「徴収」スタックおよびゴールド増加効果の獲得が遅くなる。<hr><passive>クエスト:</passive> このアイテムの効果で500ゴールドを獲得する。<br><passive>報酬:</passive> <active>発動効果(重複不可) - ワード設置:</active> 1チャージ消費して、周囲の視界を確保する<font color='#BBFFFF'>「ステルスワード」</font>1個を設置する。効果は150秒間持続する。最大3チャージで、ショップを訪れることで補充できる。<br><br><groupLimit>所持可能なゴールド増加アイテムは1個のみ。</groupLimit>
ターゴンの腕輪,3097,"{'Health': '125', 'HealthRegeneration': '50'}","['発動効果(重複不可) - ワード設置:1チャージ消費して、周囲の視界を確保する「ステルスワード」1個を設置する。効果は150秒間持続する。最大3チャージで、ショップを訪れることで補充できる。', 'クエスト:このアイテムの効果で500ゴールドを獲得する。']",{},['自動効果(重複不可) - 戦場の略奪:近接攻撃チャンピオンの通常攻撃で、体力が200(10xレベル)未満のミニオンにとどめを刺すことができる。この方法でミニオンを倒すと、自身および最も近くにいる味方チャンピオンの体力が40(減少体力の2%)回復し、ミニオンを倒した際の獲得ゴールドと同じ額がその味方チャンピオンにも与えられる。自身が遠隔攻撃チャンピオンなら回復量が50%になる。この効果は周囲に最低1人の味方チャンピオンがいないと発生しない。30秒毎にチャージが1補充される。最大3チャージ。'], <stats>体力 +125<br>基本体力自動回復 +50%<br>獲得ゴールド(10秒毎) +4</stats><br><br><unique>自動効果(重複不可) - 戦場の略奪:</unique> 近接攻撃チャンピオンの通常攻撃で、体力が200(+10xレベル)未満のミニオンにとどめを刺すことができる。この方法でミニオンを倒すと、自身および最も近くにいる味方チャンピオンの体力が40(+減少体力の2%)回復し、ミニオンを倒した際の獲得ゴールドと同じ額がその味方チャンピオンにも与えられる。自身が遠隔攻撃チャンピオンなら回復量が50%になる。この効果は周囲に最低1人の味方チャンピオンがいないと発生しない。30秒毎にチャージが1補充される。最大3チャージ。<hr><passive>クエスト:</passive> このアイテムの効果で500ゴールドを獲得する。<br><passive>報酬:</passive> <active>発動効果(重複不可) - ワード設置:</active> 1チャージ消費して、周囲の視界を確保する<font color='#BBFFFF'>「ステルスワード」</font>1個を設置する。効果は150秒間持続する。最大3チャージで、ショップを訪れることで補充できる。<br><br><groupLimit>所持可能なゴールド増加アイテムは1個のみ。</groupLimit>
ノマドのメダル,3096,"{'FlatMovementSpeed': '10', 'HealthRegeneration': '50', 'CooldownReduction': '10'}","['発動効果(重複不可) - ワード設置:1チャージ消費して、周囲の視界を確保する「ステルスワード」1個を設置する。効果は150秒間持続する。最大3チャージで、ショップを訪れることで補充できる。', 'クエスト:このアイテムの効果で500ゴールドを獲得する。']",{},['自動効果(重複不可) - 恩寵:味方に倒された敵ミニオンが時々コインを落とす。このコインを拾うと45ゴールドを獲得するか、減少マナの6%を回復(最少10)。砲台ミニオンは必ずコインを落とす。'], <stats>移動速度 +10<br>基本体力自動回復 +50%<br>クールダウン短縮 +10%<br>獲得ゴールド(10秒毎) +2</stats><br><br><unique>自動効果(重複不可) - 恩寵:</unique> 味方に倒された敵ミニオンが時々コインを落とす。このコインを拾うと<font color='#D4AF37'>45</font>ゴールドを獲得するか、減少マナの<font color='#44DDFF'>6%</font>を回復(最少10)。砲台ミニオンは必ずコインを落とす。<hr><passive>クエスト:</passive> このアイテムの効果で500ゴールドを獲得する。<br><passive>報酬:</passive> <active>発動効果(重複不可) - ワード設置:</active> 1チャージ消費して、周囲の視界を確保する<font color='#BBFFFF'>「ステルスワード」</font>1個を設置する。効果は150秒間持続する。最大3チャージで、ショップを訪れることで補充できる。<br><br><groupLimit>所持可能なゴールド増加アイテムは1個のみ。</groupLimit><br><br><rules><font color='#447777'>「陽光を浴びたそのメダルの輝きは、誰もが讃えるほどだったという」――歴史家シュレリア、CLE 24年6月22日</font></rules>
ラピッドファイアキャノン,3094,"{'AttackSpeed': '30', 'CriticalStrikeChance': '30', 'PercentMovementSpeed': '5'}",['自動効果:移動と攻撃によりスタックが溜まり、最大までスタックするとエネルギー充填状態の攻撃が可能になる。'],{},['自動効果(重複不可) - ファイアキャノン:エネルギー充填状態の攻撃は射程が35%増加(最大 150)して、命中時に60 - 140(レベルに比例)の追加魔法ダメージを与える。'], <stats>攻撃速度 +30%<br>クリティカル率 +30%<br>移動速度 +5%</stats><br><br><passive>自動効果:</passive> 移動と攻撃によりスタックが溜まり、最大までスタックすると<a href='Energized'>エネルギー充填</a>状態の攻撃が可能になる。<br><br><unique>自動効果(重複不可) - ファイアキャノン:</unique> エネルギー充填状態の攻撃は射程が35%増加(最大 +150)して、命中時に60 - 140(レベルに比例)の追加魔法ダメージを与える。<br><br>エネルギー充填状態になるのが25%早まる。この攻撃は建造物にも有効。
シージ・サイトワーダー,3649,{},['発動効果:30秒にわたって視界を確保するステルスワードを設置する。 (クールダウン30秒)。'],{},[], <groupLimit>所持可能なトリンケットは1個のみ。</groupLimit><br><br><active>発動効果:</active><font color='#FFFFFF'> 30秒</font>にわたって視界を確保する<font color='#FFFFFF'>ステルスワード</font>を設置する。 (クールダウン30秒)。
神髄のレムナント,3401,"{'Health': '350', 'HealthRegeneration': '200', 'CooldownReduction': '10'}","['発動効果(重複不可) - ワード設置:1チャージ消費して、周囲の視界を確保する「ステルスワード」1個を設置する。効果は150秒間持続する。最大4チャージで、ショップを訪れることで補充できる。', 'クエスト:このアイテムの効果で500ゴールドを獲得する。']",{},['自動効果(重複不可) - 戦場の略奪:近接攻撃チャンピオンの通常攻撃で、体力が320(20xレベル)未満のミニオンにとどめを刺すことができる。この方法でミニオンを倒すと、自身および最も近くにいる味方チャンピオンの体力が50(減少体力の2%)回復し、ミニオンを倒した際の獲得ゴールドと同じ額がその味方チャンピオンにも与えられる。自身が遠隔攻撃チャンピオンなら回復量が50%になる。この効果は周囲に最低1人の味方チャンピオンがいないと発生しない。20秒毎にチャージが1補充される。最大4チャージ。'], <stats>体力 +350<br>基本体力自動回復 +200%<br>クールダウン短縮 +10%<br>獲得ゴールド(10秒毎) +4</stats><br><br><unique>自動効果(重複不可) - 戦場の略奪:</unique> 近接攻撃チャンピオンの通常攻撃で、体力が320(+20xレベル)未満のミニオンにとどめを刺すことができる。この方法でミニオンを倒すと、自身および最も近くにいる味方チャンピオンの体力が50(+減少体力の2%)回復し、ミニオンを倒した際の獲得ゴールドと同じ額がその味方チャンピオンにも与えられる。自身が遠隔攻撃チャンピオンなら回復量が50%になる。この効果は周囲に最低1人の味方チャンピオンがいないと発生しない。20秒毎にチャージが1補充される。最大4チャージ。<hr><passive>クエスト:</passive> このアイテムの効果で500ゴールドを獲得する。<br><passive>報酬:</passive> <active>発動効果(重複不可) - ワード設置:</active> 1チャージ消費して、周囲の視界を確保する<font color='#BBFFFF'>「ステルスワード」</font>1個を設置する。効果は150秒間持続する。最大4チャージで、ショップを訪れることで補充できる。<br><br><groupLimit>所持可能なゴールド増加アイテムは1個のみ。</groupLimit>
ヴァンガードの旗,3641,{},[],{},[], <br><font color='#FF9900'>ミニオンをバフする旗を設置する。</font><br><br>指定した位置に「ヴァンガードの旗」を設置する。設置後2秒経過すると、周囲の全てのミニオンはバフを得て、範囲内にいる間はダメージが50%増加し、50物理防御と100魔法防御を付与される。
シージ・リファンド,3642,{},[],{},[], 購入したシージスペル全てを満額で払い戻す。
エントロピーフィールド,3643,{},[],{},[], <br><font color='#FF9900'>範囲内の敵ミニオンをスタンさせ、敵チャンピオンにスロウ効果を与える。</font><br><br>指定した位置に、5秒間持続する「エントロピーフィールド」を設置する。フィールドに囚われた敵のミニオンと「シージ・バリスタ」は、フィールド内にいる間は移動も攻撃もできない。フィールド内の敵チャンピオンは移動速度が25%減少する。
シアー・ストーン(トリンケット),3645,{},['発動効果:3秒間、指定した場所の範囲 1400の視界を得る。範囲内の敵チャンピオンの視界を5秒間得る (クールダウン60秒)'],{},[], <groupLimit>所持可能なトリンケットは1個のみ。</groupLimit><br><br><active>発動効果:</active> 3秒間、指定した場所の範囲 <font color='#FFFFF'>1400</font>の視界を得る。範囲内の敵チャンピオンの視界を5秒間得る (クールダウン60秒)
ずるいゴールド袋,2319,{},[],{},[], <mainText><font color='#FF9900'>クリックで使用:</font> 40 - 110ゴールドが含まれている。<br><br>@Value@ゴールドで売却可能。</mainText>
シールド・トーテム,3647,{},[],{},[], <br><font color='#FF9900'>周囲の設置物にシールドを付与するトーテムを設置する。</font><br><br>指定した位置に「シールド・トーテム」を設置する。設置後2秒経過すると、トーテムは発動し、周囲の全ての設置物に2(追加の「シールド・トーテム」ごとにさらに+1)の強度を持つシールドを付与する。
カ＝ジックスの首,3416,{},"['トロフィー3個:レンガーは非戦闘時または茂みの中にいる時に移動速度が25増加する。', 'トロフィー6個:レンガーの跳躍の有効距離が125伸びる。', 'トロフィー12個:「狩猟本能」の効果時間が5秒延びる。', 'トロフィー20個:ステルス行動中は「狩猟本能」による移動速度が2倍になる。']",{},"['発動効果(重複不可) - 透視:距離4000以内の場所から一定範囲の視界を2秒間得る。範囲内にいる敵チャンピオンは5秒間可視状態になる。(クールダウン90秒)', '自動効果(重複不可) - 狩りの戦利品:レンガーはチャンピオンを倒すたびにトロフィー1個を得る。集めたトロフィーの数に応じて追加効果が発生する。トロフィーはキルでもアシストでも獲得できる。']", <unique>発動効果(重複不可) - 透視:</unique> 距離4000以内の場所から一定範囲の視界を2秒間得る。範囲内にいる敵チャンピオンは5秒間可視状態になる。(クールダウン90秒)<br><br><unique>自動効果(重複不可) - 狩りの戦利品:</unique> レンガーはチャンピオンを倒すたびにトロフィー1個を得る。集めたトロフィーの数に応じて追加効果が発生する。トロフィーはキルでもアシストでも獲得できる。<br><br><passive>トロフィー3個:</passive> レンガーは非戦闘時または茂みの中にいる時に移動速度が25増加する。<br><passive>トロフィー6個:</passive> レンガーの跳躍の有効距離が125伸びる。<br><passive>トロフィー12個:</passive> 「狩猟本能」の効果時間が5秒延びる。<br><passive>トロフィー20個:</passive> ステルス行動中は「狩猟本能」による移動速度が2倍になる。
カ＝ジックスの首,3410,{},"['トロフィー3個:レンガーは非戦闘時または茂みの中にいる時に移動速度が25増加する。', 'トロフィー6個:レンガーの跳躍の有効距離が125伸びる。', 'トロフィー12個:「狩猟本能」の効果時間が5秒延びる。', 'トロフィー20個:ステルス行動中は「狩猟本能」による移動速度が2倍になる。']",{},"['発動効果(重複不可) - スイープレンズ:周囲にあるステルスのトラップとワードを、6秒間見破り、かつ無効にする。有効半径は中程度。さらに、自分の周囲にいるステルスのユニットを10秒間見破れる。(クールダウン60秒)', '自動効果(重複不可) - 狩りの戦利品:レンガーはチャンピオンを倒すたびにトロフィー1個を得る。集めたトロフィーの数に応じて追加効果が発生する。トロフィーはキルでもアシストでも獲得できる。']", <unique>発動効果(重複不可) - スイープレンズ:</unique> 周囲にあるステルスのトラップとワードを、6秒間見破り、かつ無効にする。有効半径は中程度。さらに、自分の周囲にいるステルスのユニットを10秒間見破れる。(クールダウン60秒)<br><br><unique>自動効果(重複不可) - 狩りの戦利品:</unique> レンガーはチャンピオンを倒すたびにトロフィー1個を得る。集めたトロフィーの数に応じて追加効果が発生する。トロフィーはキルでもアシストでも獲得できる。<br><br><passive>トロフィー3個:</passive> レンガーは非戦闘時または茂みの中にいる時に移動速度が25増加する。<br><passive>トロフィー6個:</passive> レンガーの跳躍の有効距離が125伸びる。<br><passive>トロフィー12個:</passive> 「狩猟本能」の効果時間が5秒延びる。<br><passive>トロフィー20個:</passive> ステルス行動中は「狩猟本能」による移動速度が2倍になる。
エンチャント: ウォリアー,3671,"{'AttackDamage': '60', 'CooldownReduction': '10'}",[],{},[], <stats>攻撃力 +60<br>クールダウン短縮 +10%</stats>
エンチャント: シンダーハルク,3672,{'Health': '325'},[],{},['自動効果(重複不可) - 猛火:戦闘中、周囲の敵に毎秒7 (2 x チャンピオンのレベル) の魔法ダメージを与える。モンスターに対しては100%のダメージボーナスを得る。'], <stats>体力 +325<br>体力増加分 +15%</stats><br><br><unique>自動効果(重複不可) - 猛火:</unique> 戦闘中、周囲の敵に毎秒7 (+2 x チャンピオンのレベル) の魔法ダメージを与える。モンスターに対しては100%のダメージボーナスを得る。
エンチャント: ルーンエコー,3673,"{'AbilityPower': '60', 'PercentMovementSpeed': '7'}",[],{},['自動効果(重複不可) - エコー:移動およびスキル使用によりチャージを溜めることができる。チャージが100溜まると、次に発動する攻撃スキルは命中時に全チャージを消費して、最大4体の対象に60(魔力の10%)の追加魔法ダメージを与える。'], <stats>魔力 +60<br>移動速度 +7%</stats><br><br><unique>自動効果(重複不可) - エコー:</unique> 移動およびスキル使用によりチャージを溜めることができる。チャージが100溜まると、次に発動する攻撃スキルは命中時に全チャージを消費して、最大4体の対象に60(+魔力の10%)の追加魔法ダメージを与える。<br><br>この効果は大型モンスターに250%のダメージを与える。この効果が大型モンスターに命中すると、自身が失ったマナの18%が回復する。
ジャイアントベルト,1011,{'Health': '380'},[],{},[], <stats>体力 +380</stats>
再生の珠,1006,{'HealthRegeneration': '50'},[],{},[], <stats>基本体力自動回復 +50% </stats>
フェアリーチャーム,1004,{'ManaRegeneration': '25'},[],{},[], <stats><mana>基本マナ自動回復 +25%  </mana></stats>
スペルシーフエッジ,3303,"{'AbilityPower': '10', 'ManaRegeneration': '25'}","['発動効果(重複不可) - ワード設置:1チャージ消費して、周囲の視界を確保する「ステルスワード」1個を設置する。効果は150秒間持続する。最大3チャージで、ショップを訪れることで補充できる。', 'クエスト:このアイテムの効果で500ゴールドを獲得して、「フロストファング」にアップグレードする。']",{},['自動効果(重複不可) - 徴収:チャンピオンまたは建造物にダメージスキルか通常攻撃を行うと、個々のスキルの使用1回につき、13の追加魔法ダメージを与え、10ゴールドを獲得する。この効果は30秒毎に最大3回まで発生する。クエスト完了前は、ミニオンまたはエピック以外のモンスターを倒すたびに、「徴収」スタックおよびゴールド増加効果の獲得が遅くなる。'], <stats>魔力 +10<br>獲得ゴールド(10秒毎) +2<br><mana>基本マナ自動回復 +25%</mana></stats><br><br><unique>自動効果(重複不可) - 徴収:</unique> チャンピオンまたは建造物にダメージスキルか通常攻撃を行うと、個々のスキルの使用1回につき、13の追加魔法ダメージを与え、10ゴールドを獲得する。この効果は30秒毎に最大3回まで発生する。クエスト完了前は、ミニオンまたはエピック以外のモンスターを倒すたびに、「徴収」スタックおよびゴールド増加効果の獲得が遅くなる。<hr><passive>クエスト:</passive> このアイテムの効果で500ゴールドを獲得して、<font color='#CFBF84'>「フロストファング」</font>にアップグレードする。<br><passive>報酬:</passive> <active>発動効果(重複不可) - ワード設置:</active> 1チャージ消費して、周囲の視界を確保する<font color='#BBFFFF'>「ステルスワード」</font>1個を設置する。効果は150秒間持続する。最大3チャージで、ショップを訪れることで補充できる。<br><br><groupLimit>所持可能なゴールド増加アイテムは1個のみ。</groupLimit>
レリックシールド,3302,{'Health': '50'},"['発動効果(重複不可) - ワード設置:1チャージ消費して、周囲の視界を確保する「ステルスワード」1個を設置する。効果は150秒間持続する。最大3チャージで、ショップを訪れることで補充できる。', 'クエスト:このアイテムの効果で500ゴールドを獲得して、「ターゴンの腕輪」にアップグレードする。']",{},['自動効果(重複不可) - 戦場の略奪:近接攻撃チャンピオンの通常攻撃で、体力が195(5xレベル)未満のミニオンにとどめを刺すことができる。この方法でミニオンを倒すと、自身および最も近くにいる味方チャンピオンの体力が15(減少体力の2%)回復し、ミニオンを倒した際の獲得ゴールドと同じ額がその味方チャンピオンにも与えられる。自身が遠隔攻撃チャンピオンなら回復量が50%になる。この効果は周囲に最低1人の味方チャンピオンがいないと発生しない。40秒毎にチャージが1補充される。最大2チャージ。'], <stats>体力 +50<br>獲得ゴールド(10秒毎) +2</stats><br><br><unique>自動効果(重複不可) - 戦場の略奪:</unique> 近接攻撃チャンピオンの通常攻撃で、体力が195(+5xレベル)未満のミニオンにとどめを刺すことができる。この方法でミニオンを倒すと、自身および最も近くにいる味方チャンピオンの体力が15(+減少体力の2%)回復し、ミニオンを倒した際の獲得ゴールドと同じ額がその味方チャンピオンにも与えられる。自身が遠隔攻撃チャンピオンなら回復量が50%になる。この効果は周囲に最低1人の味方チャンピオンがいないと発生しない。40秒毎にチャージが1補充される。最大2チャージ。<hr><passive>クエスト:</passive> このアイテムの効果で500ゴールドを獲得して、<font color='#CFBF84'>「ターゴンの腕輪」</font>にアップグレードする。<br><passive>報酬:</passive> <active>発動効果(重複不可) - ワード設置:</active> 1チャージ消費して、周囲の視界を確保する<font color='#BBFFFF'>「ステルスワード」</font>1個を設置する。効果は150秒間持続する。最大3チャージで、ショップを訪れることで補充できる。<br><br><groupLimit>所持可能なゴールド増加アイテムは1個のみ。</groupLimit>
エンシェントコイン,3301,"{'FlatMovementSpeed': '5', 'CooldownReduction': '5'}","['発動効果(重複不可) - ワード設置:1チャージ消費して、周囲の視界を確保する「ステルスワード」1個を設置する。効果は150秒間持続する。最大3チャージで、ショップを訪れることで補充できる。', 'クエスト:このアイテムの効果で500ゴールドを獲得して「ノマドのメダル」にアップグレードする。']",{},['自動効果(重複不可) - 恩寵:味方に倒された敵ミニオンが時々コインを落とす。このコインを拾うと25ゴールドを獲得するか、減少マナの6%を回復(最少10)。砲台ミニオンは常にコインを落とす。'], <stats>移動速度 +5<br>クールダウン短縮 +5%<br>獲得ゴールド(10秒毎) +2</stats><br><br><unique>自動効果(重複不可) - 恩寵:</unique> 味方に倒された敵ミニオンが時々コインを落とす。このコインを拾うと<font color='#D4AF37'>25</font>ゴールドを獲得するか、減少マナの<font color='#44DDFF'>6%</font>を回復(最少10)。砲台ミニオンは常にコインを落とす。<hr><passive>クエスト:</passive> このアイテムの効果で500ゴールドを獲得して<font color='#CFBF84'>「ノマドのメダル」</font>にアップグレードする。<br><passive>報酬:</passive> <active>発動効果(重複不可) - ワード設置:</active> 1チャージ消費して、周囲の視界を確保する<font color='#BBFFFF'>「ステルスワード」</font>1個を設置する。効果は150秒間持続する。最大3チャージで、ショップを訪れることで補充できる。<br><br><groupLimit>所持可能なゴールド増加アイテムは1個のみ。</groupLimit><br><br><font color='#447777'>「砂金は砂漠より出でて、いにしえのコインにまつわる」――歴史家シュレリア、CLE 23年11月11日</font>
ブーツ,1001,{},[],{'FlatMovementSpeed': '25'},[], <groupLimit>ブーツの所持上限は1。</groupLimit><br><br><unique>自動効果(重複不可) - 移動速度強化:</unique> 移動速度 +25
プロトタイプ・ヘクスコア,3200,{},[],{},['自動効果(重複不可) - スキル増強:このアイテムは3回までアップグレードが可能。アップグレードをすることでビクターの基本スキルを強化できる。'], <stats>魔力 + (1xレベル)<br>マナ + (10xレベル)</stats><br><br><unique>自動効果(重複不可) - スキル増強:</unique> このアイテムは3回までアップグレードが可能。アップグレードをすることでビクターの基本スキルを強化できる。
アジリティクローク,1018,{'CriticalStrikeChance': '20'},[],{},[], <stats>クリティカル率 +20%</stats>
エンチャント: ブラッドレイザー,3675,{'AttackSpeed': '50'},[],{},['自動効果(重複不可):通常攻撃の命中時に、標的の最大体力の4%の追加物理ダメージを与える(中立モンスター/ミニオンに対しては最大75)。'], <stats>攻撃速度 +50%</stats><br><br><unique>自動効果(重複不可):</unique> 通常攻撃の命中時に、標的の最大体力の4%の追加物理ダメージを与える(中立モンスター/ミニオンに対しては最大75)。
ヌルマジックマント,1033,{'MagicResistance': '25'},[],{},[], <stats>魔法防御 +25</stats>
スペクターカウル,3211,"{'Health': '250', 'MagicResistance': '25'}",[],{},['自動効果(重複不可):敵チャンピオンからダメージを受けると基本体力自動回復150%の効果が発動する。この効果は最大10秒間持続する。'], <stats>体力 +250<br>魔法防御 +25</stats><br><br><unique>自動効果(重複不可):</unique> 敵チャンピオンからダメージを受けると基本体力自動回復150%の効果が発動する。この効果は最大10秒間持続する。
チェインベスト,1031,{'Armor': '40'},[],{},[], <stats>物理防御 +40</stats>
クロースアーマー,1029,{'Armor': '15'},[],{},[], <stats>物理防御 +15</stats>
ルビークリスタル,1028,{'Health': '150'},[],{},[], <stats>体力 +150</stats>
サファイアクリスタル,1027,{'Mana': '250'},[],{},[], <stats><mana>マナ +250</mana></stats>
ブラスティングワンド,1026,{'AbilityPower': '40'},[],{},[], <stats>魔力 +40</stats>
奪った栄養満点ビスケット,2012,{},[],{},[], <consumable>クリックで使用:</consumable> 減少体力およびマナの15%を15秒間かけて回復する。
スティンガー,3101,{'AttackSpeed': '35'},[],{'CooldownReduction': '10'},[], <stats>攻撃速度 +35%</stats><br><br><unique>自動効果(重複不可) :</unique> クールダウン短縮 +10%
ミカエルのるつぼ,3222,"{'MagicResistance': '40', 'CooldownReduction': '10', 'ManaRegeneration': '100'}",['発動効果(重複不可):味方チャンピオン1体からスタン、スネア、タウント、フィアー、サイレンス、スロウの効果をすべて取り除き、2秒間スロウ効果を無効化する(クールダウン120秒)。'],{'HealAndShieldPower': '20'},['自動効果(重複不可) - 調和:基本マナ自動回復の上昇率が、基本体力自動回復の上昇率にも適用される。'], <stats>魔法防御 +40<br>クールダウン短縮 +10%<br><mana>基本マナ自動回復 +100%</mana></stats><br><br><unique>自動効果(重複不可):</unique> 回復効果およびシールド量 +20%<br><unique>自動効果(重複不可) - 調和:</unique> 基本マナ自動回復の上昇率が、基本体力自動回復の上昇率にも適用される。<br><active>発動効果(重複不可):</active> 味方チャンピオン1体からスタン、スネア、タウント、フィアー、サイレンス、スロウの効果をすべて取り除き、2秒間スロウ効果を無効化する(クールダウン120秒)。<br><br>いずれかの効果を取り除くと、その味方の移動速度を2秒間40%増加させる。
リカーブボウ,1043,{'AttackSpeed': '25'},[],{},['自動効果(重複不可):通常攻撃時に15の追加物理ダメージを与える。'], <stats>攻撃速度 +25%</stats><br><br><unique>自動効果(重複不可):</unique> 通常攻撃時に15の追加物理ダメージを与える。
スキルエリクサー,2011,{},[],{},[], <consumable>クリックで消費:</consumable> <font color='#29E3D6'>1スキルポイント</font>を獲得。
リッチベイン,3100,"{'AbilityPower': '80', 'PercentMovementSpeed': '7', 'CooldownReduction': '10', 'Mana': '250'}",[],{},['自動効果(重複不可) - 追撃:スキル使用後、次の通常攻撃の命中時に、基本攻撃力の75%に魔力の50%を加えた値に等しい追加魔法ダメージを与える (クールダウン1.5秒)。'], <stats>魔力 +80<br>移動速度 +7%<br>クールダウン短縮 +10%<br><mana>マナ +250</mana></stats><br><br><unique>自動効果(重複不可) - 追撃:</unique> スキル使用後、次の通常攻撃の命中時に、基本攻撃力の75%に魔力の50%を加えた値に等しい追加魔法ダメージを与える (クールダウン1.5秒)。
ダガー,1042,{'AttackSpeed': '12'},[],{},[], <stats>攻撃速度 +12%</stats>
英気満点ビスケット,2010,{},[],{},[], <consumable>クリックで使用:</consumable> 減少体力およびマナの15%を15秒間かけて回復する。
スイープレンズ（トリンケット）,3341,{},['発動効果:6秒にわたって指定範囲を検査して、隠れた敵ユニットについて警告するとともに、隠された罠を可視化し、ワードを可視化/無効化する(クールダウン90 - 60秒)。'],{},[], <groupLimit>所持可能なトリンケットは1個のみ。</groupLimit><br><br><active>発動効果:</active> 6秒にわたって指定範囲を検査して、隠れた敵ユニットについて警告するとともに、隠された罠を可視化し、ワードを可視化/無効化する(クールダウン90 - 60秒)。<br><br>射程距離と視界範囲はレベルに応じて徐々に拡大する。<br><br><rules>(<font color='#BBFFFF'>トーテム</font>タイプのトリンケットに変更すると、120秒間は<font color='#BBFFFF'>トリンケット</font>が使えなくなる)</rules>
ハンターマチェット,1041,{},[],{},['自動効果(重複不可) - クロウ:モンスターに通常攻撃すると25追加ダメージを与え、2秒間攻撃速度が15%増加。モンスターを倒すと特別経験値を獲得。'], <stats>対モンスターライフスティール +10%</stats><br><br><unique>自動効果(重複不可) - クロウ:</unique>モンスターに通常攻撃すると25追加ダメージを与え、2秒間攻撃速度が15%増加。モンスターを倒すと<font color='#99BBBB'><a href='SpecialJungleExperience'>特別経験値</a></font>を獲得。
ワードトーテム(トリンケット),3340,{},['発動効果:1チャージを消費して、周囲の視界を'],{},[], <groupLimit>所持可能なトリンケットは1個のみ。</groupLimit><br><br><active>発動効果:</active> 1チャージを消費して、周囲の視界を<scaleLevel>60 - 120</scaleLevel>秒間確保する不可視の<font color='#BBFFFF'>「ステルスワード」</font>を1個設置する。<br><br><scaleLevel>180 - 90</scaleLevel>秒ごとに1チャージ、最大2チャージまで増える。<br><br>ワードの持続時間、リチャージ時間はレベルに応じて徐々に変化する。<br><br><rules>(<font color='#BBFFFF'>ステルスワード</font>の数は、プレイヤー1人につき3個まで。<font color='#BBFFFF'>レンズ</font>タイプのトリンケットに変えると120秒間は<font color='#BBFFFF'>トリンケット</font>が使えなくなる)</rules>
栄養満点ビスケット,2009,{},[],{},[], <consumable>クリックで使用:</consumable> 体力80とマナ50を、10秒間かけて回復する。
ハンタータリスマン,1039,{},[],{},['自動効果(重複不可) - トゥース:モンスターに通常攻撃またはダメージスキルが当たると25体力を5秒かけて奪い、燃やして20魔法ダメージを与える。モンスターを倒すと特別経験値を獲得。'], <stats><mana>ジャングル内での基本マナ自動回復 +150%</mana></stats><br><br><unique>自動効果(重複不可) - トゥース:</unique> モンスターに通常攻撃またはダメージスキルが当たると25体力を5秒かけて奪い、燃やして20魔法ダメージを与える。モンスターを倒すと<font color='#99BBBB'><a href='SpecialJungleExperience'>特別経験値</a></font>を獲得。<br><br><font color='#8C8C8C' size='16'><scaleLevel>キンドル - </scaleLevel>アイテムまたはスキルの効果で体力が増加していると魔法ダメージが50まで増加。
B. F. ソード,1038,{'AttackDamage': '40'},[],{},[], <stats>攻撃力 +40</stats>
ピッケル,1037,{'AttackDamage': '25'},[],{},[], <stats>攻撃力 +25</stats>
ロングソード,1036,{'AttackDamage': '10'},[],{},[], <stats>攻撃力 +10</stats>
マナポーション,2004,{},[],{},[], <groupLimit>同時に持てるのは5個まで。</groupLimit><br><br><consumable>クリックで使用:</consumable> <mana>マナ100を15秒間かけて回復する。</mana>
体力ポーション,2003,{},[],{},[], <groupLimit>同時に持てるのは5個まで。<br>所持可能な回復ポーションは1種類のみ。</groupLimit><br><br><consumable>クリックで使用:</consumable> 体力150を15秒間かけて回復する。
カ＝ジックスの首,3455,{},"['トロフィー3個:レンガーは非戦闘時または茂みの中にいる時に移動速度が25増加する。', 'トロフィー6個:レンガーの跳躍の有効距離が125伸びる。', 'トロフィー12個:「狩猟本能」の効果時間が5秒延びる。', 'トロフィー20個:ステルス行動中は「狩猟本能」による移動速度が2倍になる。']",{},['自動効果(重複不可) - 狩りの戦利品:レンガーはチャンピオンを倒すたびにトロフィー1個を得る。集めたトロフィーの数に応じて追加効果が発生する。トロフィーはキルでもアシストでも獲得できる。'], <unique>自動効果(重複不可) - 狩りの戦利品:</unique> レンガーはチャンピオンを倒すたびにトロフィー1個を得る。集めたトロフィーの数に応じて追加効果が発生する。トロフィーはキルでもアシストでも獲得できる。<br><br><passive>トロフィー3個:</passive> レンガーは非戦闘時または茂みの中にいる時に移動速度が25増加する。<br><passive>トロフィー6個:</passive> レンガーの跳躍の有効距離が125伸びる。<br><passive>トロフィー12個:</passive> 「狩猟本能」の効果時間が5秒延びる。<br><passive>トロフィー20個:</passive> ステルス行動中は「狩猟本能」による移動速度が2倍になる。
ドランブレード,1055,"{'AttackDamage': '8', 'Health': '80', 'LifeSteal': '3'}",[],{},[], <stats>攻撃力 +8<br>体力 +80<br>ライフスティール +3%</stats>
ドランシールド,1054,{'Health': '80'},"['自動効果:5秒毎に体力を6回復。', '自動効果:通常攻撃がミニオンに5の追加物理ダメージを与える。']",{},['自動効果(重複不可):敵チャンピオンからダメージを受けると、10秒かけて追加で体力を20回復する。'], <stats>体力 +80</stats><br><br><passive>自動効果: </passive>5秒毎に体力を6回復。<br><passive>自動効果:</passive> 通常攻撃がミニオンに5の追加物理ダメージを与える。<br><unique>自動効果(重複不可):</unique> 敵チャンピオンからダメージを受けると、10秒かけて追加で体力を20回復する。
マーキュリーブーツ,3111,{'MagicResistance': '25'},[],{'FlatMovementSpeed': '45'},['自動効果(重複不可) - 行動妨害耐性:スタン、スロウ、タウント、フィアー、サイレンス、ブラインド、ポリモーフ、スネアの効果時間を30%短縮する。'], <groupLimit>ブーツの所持上限は1。</groupLimit><br><br><stats>魔法防御 +25</stats><br><br><unique>自動効果(重複不可) - 移動速度強化:</unique> 移動速度 +45<br><unique>自動効果(重複不可) - 行動妨害耐性:</unique> スタン、スロウ、タウント、フィアー、サイレンス、ブラインド、ポリモーフ、スネアの効果時間を30%短縮する。
ヴァンパイアセプター,1053,"{'AttackDamage': '15', 'LifeSteal': '10'}",[],{},[], <stats>攻撃力 +15<br>ライフスティール +10%</stats>
フローズンハート,3110,"{'Armor': '100', 'CooldownReduction': '20', 'Mana': '400'}",[],{},[], <stats>物理防御 +100<br>クールダウン短縮 +20%<br><mana>マナ +400</mana></stats><br><br><aura>オーラ:</aura> 周囲の敵の攻撃速度を15%低下させる。
増魔の書,1052,{'AbilityPower': '20'},[],{},[], <stats>魔力 +20</stats>
喧嘩屋のグローブ,1051,{'CriticalStrikeChance': '10'},[],{},[], <stats>クリティカル率 +10%</stats>
ラースエリクサー,2140,{},[],{},[], <stats><levelLimit>購入するにはレベル9以上必要。</levelLimit></stats><br><br><consumable>クリックで使用: </consumable>3分間、攻撃力 +30と<font color='#FF8811'><u>血の欲望</u></font>の効果を得る。<br><br><font color='#FF8811'><u>血の欲望:</u></font> チャンピオンに物理ダメージを与えると、与えたダメージの15%回復する。<br><br><rules>(同時に2個以上のエリクサーは使用できない)</rules>
騎士の誓い,3109,"{'Health': '250', 'Armor': '40', 'CooldownReduction': '10'}","['発動効果(重複不可):味方チャンピオン1人をパートナーとして指定する(クールダウン90秒)。', '自動効果(重複不可):パートナーが近くにいると20の増加物理防御を獲得し、パートナーに向かって移動する時に移動速度が15%増加する。', '自動効果(重複不可):近くにいる時は、パートナーが敵チャンピオンに与えたダメージの12%だけ自身の体力を回復して、パートナーが敵チャンピオンから受けたダメージの12%を確定ダメージとして自身が代わりに受ける(遠隔攻撃系のチャンピオンの場合は、転送される回復量とダメージ量が50%減少する)。']",{},[], <stats>体力 +250<br>物理防御 +40<br>クールダウン短縮 +10%</stats><br><br><active>発動効果(重複不可):</active> 味方チャンピオン1人を<a href='KnightsVowPartner'>パートナー</a>として指定する(クールダウン90秒)。<br><passive>自動効果(重複不可):</passive> <a href='KnightsVowPartner'>パートナー</a>が近くにいると20の増加物理防御を獲得し、<a href='KnightsVowPartner'>パートナー</a>に向かって移動する時に移動速度が15%増加する。<br><passive>自動効果(重複不可):</passive> 近くにいる時は、<a href='KnightsVowPartner'>パートナー</a>が敵チャンピオンに与えたダメージの12%だけ自身の体力を回復して、<a href='KnightsVowPartner'>パートナー</a>が敵チャンピオンから受けたダメージの12%を<font color='#FFFFFF'>確定</font>ダメージとして自身が代わりに受ける(遠隔攻撃系のチャンピオンの場合は、転送される回復量とダメージ量が50%減少する)。<br><br><rules>(「騎士の誓い」は同時に1人の味方チャンピオンしかリンクできない。)</rules>
死の女神,3902,{},[],{},['自動効果(重複不可):砲撃範囲の中心に巨大な砲弾が追加で放たれ、300%の確定ダメージと1.5秒間のスロウ効果60%を与える。'], 500シルバーサーペントでアップグレード可能。<br><br><unique>自動効果(重複不可):</unique> 砲撃範囲の中心に巨大な砲弾が追加で放たれ、300%の確定ダメージと1.5秒間のスロウ効果60%を与える。
フィンディッシュの古書,3108,{'AbilityPower': '30'},[],{'CooldownReduction': '10'},[], <stats>魔力 +30</stats><br><br><unique>自動効果(重複不可) :</unique> クールダウン短縮 +10%
士気上昇,3903,{},[],{},['自動効果(重複不可):砲撃範囲内の味方は、2秒間移動速度が30%増加する。'], 500シルバーサーペントでアップグレード可能。<br><br><unique>自動効果(重複不可):</unique> 砲撃範囲内の味方は、2秒間移動速度が30%増加する。
ソーサリーエリクサー,2139,{},[],{},[], <stats><levelLimit>購入するにはレベル9以上必要。</levelLimit></stats><br><br><consumable>クリックで使用:</consumable> 3分間、魔力 +50、マナ自動回復 (5秒毎) ボーナス +15、そして<font color='#FF8811'><u>聡明</u></font>の効果を得る。<br><br><font color='#FF8811'><u>聡明:</u></font> チャンピオンとタワーへの攻撃は25の確定ダメージボーナスを得る。チャンピオンを対象とする場合、この効果には5秒のクールダウンがあるが、タワーを対象とする場合、クールダウンはない。<br><br><rules>(同時に2個以上のエリクサーは使用できない)</rules><br>
リデンプション,3107,"{'Health': '200', 'HealthRegeneration': '50', 'ManaRegeneration': '150', 'CooldownReduction': '10'}","['発動効果(重複不可):射程5500以内の一定範囲を指定する。2.5秒後に光が天から降り注ぎ、味方ユニットの体力を10(さらに対象のレベル毎に20ずつ増加)回復して、敵チャンピオンの最大体力の10%を燃やして確定ダメージとして与え、敵ミニオンには250の確定ダメージを与える(クールダウン120秒)。「リデンプション」の回復に対しては回復効果およびシールド量の上昇効果が3倍になる。', '自動効果(重複不可):回復効果およびシールド量 +10%']",{},[], <stats>体力 +200<br>基本体力自動回復 +50%<br><mana>基本マナ自動回復 +150%</mana><br>クールダウン短縮 +10%</stats><br><br><passive>自動効果(重複不可):</passive> 回復効果およびシールド量 +10%<br><active>発動効果(重複不可):</active> 射程5500以内の一定範囲を指定する。2.5秒後に光が天から降り注ぎ、味方ユニットの体力を10(さらに対象のレベル毎に20ずつ増加)回復して、敵チャンピオンの最大体力の10%を燃やして<font color='#FFFFFF'>確定</font>ダメージとして与え、敵ミニオンには250の<font color='#FFFFFF'>確定</font>ダメージを与える(クールダウン120秒)。「リデンプション」の回復に対しては回復効果およびシールド量の上昇効果が3倍になる。<br><br>死亡中でも使用できる。<br><br><rules>対象が直前に別の「リデンプション」を受けていた場合は効果が半減する。</rules>
アイアンエリクサー,2138,{},[],{},[], <stats><levelLimit>購入するにはレベル9以上必要。</levelLimit></stats><br><br><consumable>クリックで使用:</consumable> 3分間、体力を300、行動妨害耐性を25%増加させて体が大きくなり、<font color='#FF8811'><u>鋼の導べ</u></font>を獲得する。<br><br><font color='#FF8811'><u>鋼の導べ:</u></font> 通過した場所が「鋼の導べ」となり、続く味方チャンピオンの移動速度を15%増加させる。<br><br><rules>(同時に2個以上のエリクサーは使用できない)</rules>
ツインシャドウ,3905,"{'AbilityPower': '60', 'PercentMovementSpeed': '7', 'CooldownReduction': '10'}",[],{},['発動効果(重複不可) - 亡霊の追跡:召喚された2体の不気味な亡霊が近くにいる敵チャンピオンを探す。亡霊と接触すると憑依され可視状態となる。'], <stats>魔力 +60<br>移動速度 +7%<br>クールダウン短縮 +10%</stats><br><br><unique>発動効果(重複不可) - 亡霊の追跡:</unique> 召喚された2体の不気味な亡霊が近くにいる敵チャンピオンを探す。亡霊と接触すると憑依され可視状態となる。<br><br>また、亡霊の移動距離に応じて最大5秒間移動速度が40%低下(クールダウン90秒)。
イージスの盾,3105,"{'Armor': '30', 'MagicResistance': '30'}",[],{},[], <stats>物理防御 +30<br>魔法防御 +30</stats>
キルヒアイスシャード,2015,{'AttackSpeed': '15'},['自動効果:移動と攻撃により、エネルギー充填状態の攻撃が可能になる。'],{},['自動効果(重複不可) - エネルギーストライク:エネルギー充填状態の通常攻撃は50の追加魔法ダメージを与える。'], <stats>攻撃速度 +15%</stats><br><br><passive>自動効果:</passive> 移動と攻撃により、<a href='Energized'>エネルギー充填</a>状態の攻撃が可能になる。<br><br><unique>自動効果(重複不可) - エネルギーストライク:</unique> エネルギー充填状態の通常攻撃は50の追加魔法ダメージを与える。
スペルバインダー,3907,"{'AbilityPower': '100', 'PercentMovementSpeed': '10'}",[],{},"['自動効果(重複不可):周囲でスキルが使用されるとスペルバインダーがチャージされる(最大100チャージまで)。', '発動効果(重複不可):4秒間、魔力が最大で100増加し、最大30%の徐々に減少する増加移動速度を獲得。']", <stats>魔力 +100<br>移動速度 +10%<br></stats><br><unique>自動効果(重複不可):</unique> 周囲でスキルが使用されるとスペルバインダーがチャージされる(最大100チャージまで)。<br><unique>発動効果(重複不可):</unique> 4秒間、魔力が最大で100増加し、最大30%の徐々に減少する増加移動速度を獲得。<br><br>1チャージにつき魔力が1、移動速度が0.3%増加。クールダウン60秒。
バンシーヴェール,3102,"{'AbilityPower': '70', 'MagicResistance': '60', 'CooldownReduction': '10'}",[],{},['自動効果(重複不可):自身への敵スキルを一度だけ無効化するスペルシールドを展開する。このシールドは敵チャンピオンからダメージを受けないまま40秒経つと再展開される。'], <stats>魔力 +70<br>魔法防御 +60<br>クールダウン短縮 +10%</stats><br><br><unique>自動効果(重複不可):</unique> 自身への敵スキルを一度だけ無効化するスペルシールドを展開する。このシールドは敵チャンピオンからダメージを受けないまま40秒経つと再展開される。
乱れ撃ち,3901,{},[],{},['自動効果(重複不可):「一斉砲撃」の砲撃速度が徐々に増加していく。(効果時間中、6回の砲撃が追加)'], 500シルバーサーペントでアップグレード可能。<br><br><unique>自動効果(重複不可):</unique> 「一斉砲撃」の砲撃速度が徐々に増加していく。(効果時間中、6回の砲撃が追加)
エクスキューショナー・コーリング,3123,{'AttackDamage': '15'},[],{},['自動効果(重複不可) - 処刑人:物理ダメージを与えた敵チャンピオンに、3秒間持続する「重傷」を付与する。'], <stats>攻撃力 +15</stats><br><br><unique>自動効果(重複不可) - 処刑人:</unique> 物理ダメージを与えた敵チャンピオンに、3秒間持続する<a href='GrievousWounds'>「重傷」</a>を付与する。
コラプトポーション,2033,{},['発動効果(重複不可):1チャージ消費して体力125とマナ75を12秒間かけて回復する。さらに効果時間中'],{},[], <groupLimit>所持可能な回復ポーションは1種類のみ。</groupLimit><br><br><active>発動効果(重複不可):</active> 1チャージ消費して体力125とマナ75を12秒間かけて回復する。さらに効果時間中<font color='#FF8811'><u>穢れの接触</u></font>を付与する。最大3チャージで、ショップを訪れることで補充できる。<br><br><font color='#FF8811'><u>穢れの接触:</u></font> 通常攻撃と攻撃系スキルは敵チャンピオンに火を点け、<scaleLevel>15 - 30</scaleLevel>の魔法ダメージを3秒間かけて与える(範囲効果スキルや継続ダメージスキルの場合、ダメージは半分になる。チャンピオンのレベルに応じてダメージは増加する)。<br><br><rules>(「コラプトポーション」は体力とマナが満タンの状態でも使用可能)</rules>
アビサルマスク,3001,"{'Health': '350', 'Mana': '300', 'MagicResistance': '55', 'CooldownReduction': '10'}",[],{},['自動効果(重複不可) - 久遠:敵チャンピオンからの被ダメージの15%をマナとして回復する。マナを使用すると、そのコストの20%を体力として回復する(1回ごとに最大25)。'], <stats>体力 +350<br><mana>マナ +300</mana><br>魔法防御 +55<br>クールダウン短縮 +10%</stats><br><br><unique>自動効果(重複不可) - 久遠:</unique> 敵チャンピオンからの被ダメージの15%をマナとして回復する。マナを使用すると、そのコストの20%を体力として回復する(1回ごとに最大25)。<br><aura>オーラ(重複不可):</aura> 周囲の敵チャンピオンが受ける魔法ダメージが15%増加する。
オラクル・オルタレーション,3364,{},[],{},[], <levelLimit>* アップグレードにはレベル9以上が必要。</levelLimit><stats></stats><br><br><font color='#FFFFFF'>「スイープレンズ」</font>を変化させる:<br><br><stats><font color='#00FF00'>+</font> 検知範囲の拡大<br><font color='#00FF00'>+</font> 10秒にわたり、自身の周囲に看破効果が発生する<br><font color='#FF0000'>-</font><font color='#FF6600'> 射程距離はゼロに短縮される</font></stats>
ハンターポーション,2032,{},['発動効果(重複不可) :1チャージ消費して体力60とマナ35を8秒間かけて回復する。最大5チャージで、ショップを訪れることで補充できる。'],{},[], <groupLimit>所持可能な回復ポーションは1種類のみ。</groupLimit><br><br><active>発動効果(重複不可) :</active> 1チャージ消費して体力60とマナ35を8秒間かけて回復する。最大5チャージで、ショップを訪れることで補充できる。<br><br>大型モンスターをキルすると1チャージ獲得する。<br><br><rules>(チャージが最大の時に大型モンスターをキルした場合、獲得したチャージを即座に消費する)</rules>
ファーサイト・オルタレーション,3363,{},[],{},[], <levelLimit>* アップグレードにはレベル9以上が必要。</levelLimit><br><br><font color='#FFFFFF'>「ワードトーテム」</font>を変化させる:<br><br><stats><font color='#00FF00'>+</font> 射程距離を大幅に増加(+650%)<br><font color='#00FF00'>+</font> 効果時間が無限になり、設置したワードの個数としてカウントされない<br><font color='#FF0000'>-</font><font color='#FF6600'> クールダウンが10%延長</font><br><font color='#FF0000'>-</font> <font color='#FF6600'>ワードは可視状態で、壊れやすく、味方は対象指定できなくなる</font><br><font color='#FF0000'>-</font> <font color='#FF6600'>ワードの視界範囲が45%減少</font><br><font color='#FF0000'>-</font> <font color='#FF6600'>チャージを保持できない</font></stats>
詰め替えポーション,2031,{},['発動効果(重複不可) :1チャージ消費して体力125を12秒間かけて回復する。最大2チャージで、ショップを訪れることで補充できる。'],{},[], <groupLimit>所持可能な回復ポーションは1種類のみ。</groupLimit><br><br><active>発動効果(重複不可) :</active> 1チャージ消費して体力125を12秒間かけて回復する。最大2チャージで、ショップを訪れることで補充できる。
発見のトーテム(トリンケット),3362,{},[],{},['発動効果(重複不可):周囲の視界を獲得し、範囲内のステルス状態のユニットを見破るビジョンワードを1個設置する。この効果は破壊されるまで続く (クールダウン120秒)。マップへ同時に置けるビジョンワードの数は、プレイヤー1人につき3個まで。'], <groupLimit>所持可能なトリンケットは1個のみ。</groupLimit><levelLimit> *アップグレードにはレベル9以上が必要。</levelLimit><stats></stats><br><br><unique>発動効果(重複不可):</unique> 周囲の視界を獲得し、範囲内のステルス状態のユニットを見破るビジョンワードを1個設置する。この効果は破壊されるまで続く (クールダウン120秒)。マップへ同時に置ける<font color='#BBFFFF'>ビジョンワード</font>の数は、プレイヤー1人につき3個まで。<br><br><rules>(トリンケットはゲーム開始後30秒間は使用できない。トリンケットを売ると120秒間はトリンケットが使えなくなる)</rules>
隠密のトーテム(トリンケット),3361,{},[],{},['発動効果(重複不可):1チャージを消費して、周囲の視界を確保する不可視のワードを1個設置する。効果は180秒間持続する。60秒ごとに1チャージ、最大2チャージまで増える。マップ上に同時に置ける「ステルスワード」はプレイヤー1人につき3個まで。'], <groupLimit>所持可能なトリンケットは1個のみ。</groupLimit><levelLimit> *アップグレードにはレベル9以上が必要。</levelLimit><stats></stats><br><br><unique>発動効果(重複不可):</unique> 1チャージを消費して、周囲の視界を確保する不可視のワードを1個設置する。効果は180秒間持続する。60秒ごとに1チャージ、最大2チャージまで増える。マップ上に同時に置ける<font color='#BBFFFF'>「ステルスワード」</font>はプレイヤー1人につき3個まで。<br><br><rules>(トリンケットはゲーム開始後30秒間は使用できない。トリンケットを売ると120秒間はトリンケットが使えなくなる)</rules>
モビリティブーツ,3117,{},[],{},['自動効果(重複不可) - 移動速度強化:移動速度 25。非戦闘状態が5秒間続くと、追加移動速度が 115に増加。この効果は戦闘状態になると元に戻る。'], <groupLimit>ブーツの所持上限は1。</groupLimit><br><br><unique>自動効果(重複不可) - 移動速度強化:</unique> 移動速度 +25。非戦闘状態が5秒間続くと、追加移動速度が +115に増加。この効果は戦闘状態になると元に戻る。
忘却のオーブ,3916,"{'AbilityPower': '25', 'Health': '200'}",[],{'MagicPenetration': '15'},[], <stats>魔力 +25<br>体力 +200</stats><br><br><unique>自動効果(重複不可) - 死の接触:</unique> <a href='FlatMagicPen'>魔法防御貫通</a> +15
リーライ・クリスタルセプター,3116,"{'Health': '300', 'AbilityPower': '85'}",[],{},['自動効果(重複不可):スキルでダメージを与えると、敵ユニットの移動速度を20%低下させる。効果時間は1秒。'], <stats>体力 +300<br>魔力 +85</stats><br><br><unique>自動効果(重複不可):</unique> スキルでダメージを与えると、敵ユニットの移動速度を20%低下させる。効果時間は1秒。
ムダニデカイロッド,1058,{'AbilityPower': '60'},[],{},[], <stats>魔力 +60</stats>
ナッシャー・トゥース,3115,"{'AttackSpeed': '50', 'AbilityPower': '80'}",[],{'CooldownReduction': '20'},['自動効果(重複不可) :通常攻撃の命中時に15 (魔力の15%) の追加魔法ダメージを与える。'], <stats>攻撃速度 +50%<br>魔力 +80</stats><br><br><unique>自動効果(重複不可) :</unique> クールダウン短縮 +20%<br><unique>自動効果(重複不可) :</unique> 通常攻撃の命中時に15 (+魔力の15%) の追加魔法ダメージを与える。<br>
復讐の黒槍,3599,{},['発動効果:味方1体と現在のゲーム終了まで続く誓いを結び「魂盟の同志」となる。「魂盟の同志」がお互いの近くにいると、両者とも能力が強化される。'],{},[], <stats></stats><br><active>発動効果: </active>味方1体と現在のゲーム終了まで続く誓いを結び「魂盟の同志」となる。「魂盟の同志」がお互いの近くにいると、両者とも能力が強化される。
ネガトロンクローク,1057,{'MagicResistance': '40'},[],{},[], <stats>魔法防御 +40</stats>
フォビドゥンアイドル,3114,{'ManaRegeneration': '50'},[],"{'CooldownReduction': '10', 'HealAndShieldPower': '8'}",[], <stats><mana>基本マナ自動回復 +50% </mana></stats><br><br><unique>自動効果(重複不可):</unique> クールダウン短縮 +10%<br><unique>自動効果(重複不可):</unique> 回復効果およびシールド量 +8%
ドランリング,1056,"{'Health': '60', 'AbilityPower': '15', 'ManaRegeneration': '50'}",['自動効果(重複不可):敵ユニットを倒すたびにマナが4回復する。'],{},[], <stats>体力 +60<br>魔力 +15<br><mana>基本マナ自動回復 +50%</mana></stats><br><br><mana><passive>自動効果(重複不可):</passive> 敵ユニットを倒すたびにマナが4回復する。</mana>
エーテルウィスプ,3113,{'AbilityPower': '30'},[],{'PercentMovementSpeed': '5'},[], <stats>魔力 +30</stats><br><br><unique>自動効果(重複不可) :</unique> 移動速度 +5%
セレイテッドダーク,3134,{'AttackDamage': '25'},[],{'Lethality': '10'},['自動効果(重複不可) - ヘッドハンター:敵ユニットを倒すと、次に使用するダメージを与えるスキルが40の追加物理ダメージを与える(クールダウン30秒)。'], <stats>攻撃力 +25</stats><br><br><unique>自動効果(重複不可): </unique><a href='Lethality'>脅威</a> +10<br><unique>自動効果(重複不可) - ヘッドハンター:</unique> 敵ユニットを倒すと、次に使用するダメージを与えるスキルが40の追加物理ダメージを与える(クールダウン30秒)。
コールフィールド・ウォーハンマー,3133,{'AttackDamage': '25'},[],{'CooldownReduction': '10'},[], <stats>攻撃力 +25</stats><br><br><unique>自動効果(重複不可) :</unique> クールダウン短縮 +10%
ラバドン・デスクラウン,3374,{'AbilityPower': '175'},[],{},['自動効果(重複不可):魔力を40%増加させる。'], <stats><font color='#FFFFFF'>魔力 +175</font></stats><br><br><unique>自動効果(重複不可):</unique> 魔力を40%増加させる。
久遠のカタリスト,3010,"{'Health': '225', 'Mana': '300'}",[],{},['自動効果(重複不可) - 久遠:敵チャンピオンからの被ダメージの15%をマナとして回復する。'], <stats>体力 +225<br><mana>マナ +300</mana></stats><br><br><unique>自動効果(重複不可) - 久遠:</unique> 敵チャンピオンからの被ダメージの15%をマナとして回復する。<br><br>マナを使用すると、そのコストの20%を体力として回復する(1回ごとに最大15)。<br><br><rules>(継続して発動するスキルは1秒間で最大15回復する)</rules>
ポーチャーダーク,3252,{'AttackDamage': '10'},[],{},"['自動効果(重複不可) - ヘッドハンター:敵ユニットを倒すと、次に使用するダメージを与えるスキルが40の追加物理ダメージを与える(クールダウン30秒)。', '自動効果(重複不可):敵ジャングルから4体の大型モンスターを略奪すると「セレイテッドダーク」に変化する。']", <stats>攻撃力 +10</stats><br><br><unique>自動効果(重複不可) - ヘッドハンター:</unique> 敵ユニットを倒すと、次に使用するダメージを与えるスキルが40の追加物理ダメージを与える(クールダウン30秒)。<br><unique>自動効果(重複不可):</unique> 敵ジャングルから4体の大型モンスターを略奪すると「セレイテッドダーク」に変化する。
フォージファイア・ケープ,3373,"{'Health': '625', 'Armor': '90'}",[],{},['自動効果(重複不可) - 猛火:周囲の敵に毎秒25(1xチャンピオンのレベル)の魔法ダメージを与える。ミニオンとモンスターには50%の追加ダメージを与える。'], <stats><font color='#FFFFFF'>体力 +625</font><br><font color='#FFFFFF'>物理防御 +90</font></stats><br><br><unique>自動効果(重複不可) - 猛火:</unique> 周囲の敵に毎秒25+(1xチャンピオンのレベル)の魔法ダメージを与える。ミニオンとモンスターには50%の追加ダメージを与える。
モルテン・エッジ,3371,"{'AttackDamage': '100', 'CriticalStrikeChance': '20'}",[],{},['自動効果(重複不可):クリティカルの追加ダメージが50%増加。'], <stats><font color='#FFFFFF'>攻撃力 +100</font><br>クリティカル率 +20%</stats><br><br><unique>自動効果(重複不可):</unique> クリティカルの追加ダメージが50%増加。
スイフトネスブーツ,3009,{},[],{'FlatMovementSpeed': '55'},['自動効果(重複不可) - スロウ耐性:スロウ効果が25%減少する。'], <groupLimit>ブーツの所持上限は1。</groupLimit><br><br><unique>自動効果(重複不可) - 移動速度強化:</unique> 移動速度 +55<br><unique>自動効果(重複不可) - スロウ耐性:</unique> スロウ効果が25%減少する。
マナムネ(クイックチャージ),3008,"{'AttackDamage': '25', 'Mana': '250'}",[],{},"['自動効果(重複不可) - 畏怖:最大マナの2%に等しい増加攻撃力を得る。消費マナの15%を回復。', '自動効果(重複不可) - マナチャージ:通常攻撃かマナを消費するごとに最大マナが6増加(最大750マナ)。この効果は12秒につき最大3回まで発生する。']", <stats>攻撃力 +25<br><mana>マナ +250</mana></stats><br><br><mana><unique>自動効果(重複不可) - 畏怖:</unique> 最大マナの2%に等しい増加攻撃力を得る。消費マナの15%を回復。<br><unique>自動効果(重複不可) - マナチャージ:</unique> 通常攻撃かマナを消費するごとに最大マナが6増加(最大750マナ)。この効果は12秒につき最大3回まで発生する。<br><br>マナ増加が750に達すると「ムラマナ」に変化する。</mana>
アークエンジェルスタッフ(クイックチャージ),3007,"{'AbilityPower': '50', 'Mana': '650', 'CooldownReduction': '10'}",[],{},"['自動効果(重複不可) - 素早さ:このアイテムが追加で10%のクールダウン短縮を獲得。', '自動効果(重複不可) - 畏怖:最大マナの3%に等しい魔力を獲得。消費マナの25%を回復。', '自動効果(重複不可) - マナチャージ:マナ消費ごとに最大マナが12増加(最大750マナ)。この効果は12秒につき最大3回まで発生。']", <stats>魔力 +50<br><mana>マナ +650</mana><br>クールダウン短縮 +10%</stats><br><br><unique>自動効果(重複不可) - 素早さ:</unique> このアイテムが追加で10%のクールダウン短縮を獲得。<br><mana><unique>自動効果(重複不可) - 畏怖:</unique> 最大マナの3%に等しい魔力を獲得。消費マナの25%を回復。<br><unique>自動効果(重複不可) - マナチャージ:</unique> マナ消費ごとに最大マナが12増加(最大750マナ)。この効果は12秒につき最大3回まで発生。<br><br>増加マナが750に達すると「セラフ・エンブレイス」に変化する。</mana>
バーサーカーブーツ,3006,{'AttackSpeed': '35'},[],{'FlatMovementSpeed': '45'},[], <groupLimit>ブーツの所持上限は1。</groupLimit><br><br><stats>攻撃速度 +35%</stats><br><br><unique>自動効果(重複不可) - 移動速度強化:</unique> 移動速度 +45
マナムネ,3004,"{'AttackDamage': '25', 'Mana': '250'}",[],{},"['自動効果(重複不可) - 畏怖:最大マナの2%に等しい増加攻撃力を得る。消費マナの15%を回復。', '自動効果(重複不可) - マナチャージ:通常攻撃かマナを消費するごとに最大マナが5増加(最大750マナ)。この効果は12秒につき最大3回まで発生する。']", <stats>攻撃力 +25<br><mana>マナ +250</mana></stats><br><br><mana><unique>自動効果(重複不可) - 畏怖:</unique> 最大マナの2%に等しい増加攻撃力を得る。消費マナの15%を回復。<br><unique>自動効果(重複不可) - マナチャージ:</unique> 通常攻撃かマナを消費するごとに最大マナが5増加(最大750マナ)。この効果は12秒につき最大3回まで発生する。<br><br>マナ増加が750に達すると「ムラマナ」に変化する。</mana>
アークエンジェルスタッフ,3003,"{'AbilityPower': '50', 'Mana': '650', 'CooldownReduction': '10'}",[],{},"['自動効果(重複不可) - 素早さ:このアイテムが追加で10%のクールダウン短縮を獲得。', '自動効果(重複不可) - 畏怖:最大マナの3%に等しい魔力を得る。消費マナの25%を回復。', '自動効果(重複不可) - マナチャージ:マナ消費ごとに最大マナが8増加(最大750マナ)。この効果は12秒につき最大3回まで発生。']", <stats>魔力 +50<br><mana>マナ +650</mana><br>クールダウン短縮 +10%</stats><br><br><unique>自動効果(重複不可) - 素早さ:</unique> このアイテムが追加で10%のクールダウン短縮を獲得。<br><mana><unique>自動効果(重複不可) - 畏怖:</unique> 最大マナの3%に等しい魔力を得る。消費マナの25%を回復。<br><unique>自動効果(重複不可) - マナチャージ:</unique> マナ消費ごとに最大マナが8増加(最大750マナ)。この効果は12秒につき最大3回まで発生。<br><br>増加マナが750に達すると「セラフ・エンブレイス」に変化する。</mana>
グインソー・レイジブレード,3124,"{'AttackDamage': '25', 'AbilityPower': '25', 'AttackSpeed': '25'}",['自動効果:通常攻撃時に5(+増加攻撃力の10%)の物理ダメージと5(+魔力の10%)の魔法ダメージを与える。'],{},['自動効果(重複不可):通常攻撃ごとに、攻撃速度 8%、増加攻撃力 4%、魔力 4%を得る。効果は5秒間持続する(効果は最大6回までスタック)。最大スタックで'], <stats>攻撃力 +25<br>魔力 +25<br>攻撃速度 +25%</stats><br><br><passive>自動効果:</passive> 通常攻撃時に5(+増加攻撃力の10%)の物理ダメージと5(+魔力の10%)の魔法ダメージを与える。<br><unique>自動効果(重複不可):</unique> 通常攻撃ごとに、攻撃速度 +8%、増加攻撃力 +4%、魔力 +4%を得る。効果は5秒間持続する(効果は最大6回までスタック)。最大スタックで<unlockedPassive>「グインソーの憤怒」</unlockedPassive>が発生する。<br><br><unlockedPassive>グインソーの憤怒:</unlockedPassive> 通常攻撃2回ごとに通常攻撃時効果が2回発動する。<br><br><rules><font color='#8c8c8c'>近接チャンピオンはスタックが半分になると、次の通常攻撃でスタックが最大になる。</font></rules>
ライチャスグローリー,3800,"{'Health': '400', 'Mana': '300', 'Armor': '30', 'HealthRegeneration': '100', 'CooldownReduction': '10'}",[],{},['発動効果(重複不可):敵または敵タワーに向かって移動する際、自身の移動速度を4秒間、75%増加させる。敵の近くで発動、または発動後4秒経過すると衝撃波が放たれ、周囲にいる敵チャンピオンの移動速度を2秒間、75%低下させる(クールダウン90秒)。'], <stats>体力 +400<br><mana>マナ +300</mana><br>物理防御 +30<br>基本体力自動回復 +100% <br>クールダウン短縮 +10%</stats><br><br><unique>発動効果(重複不可):</unique> 敵または敵タワーに向かって移動する際、自身の移動速度を4秒間、75%増加させる。敵の近くで発動、または発動後4秒経過すると衝撃波が放たれ、周囲にいる敵チャンピオンの移動速度を2秒間、75%低下させる(クールダウン90秒)。
クリスタルブレーサー,3801,"{'Health': '200', 'HealthRegeneration': '50'}",[],{},[], <stats>体力 +200<br>基本体力自動回復 +50% </stats>
ロストチャプター,3802,"{'AbilityPower': '25', 'Mana': '300'}",[],{'CooldownReduction': '10'},['自動効果(重複不可) :レベルアップ時に最大マナの20%を3秒かけて回復。'], <stats>魔力 +25<br><mana>マナ +300</mana></stats><br><br><unique>自動効果(重複不可) - 素早さ:</unique> クールダウン短縮 +10%<br><unique>自動効果(重複不可) :</unique> レベルアップ時に最大マナの20%を3秒かけて回復。
奪ったステルスワード,2056,{},[],{},[], <groupLimit>ステルスワードは同時に3個までしか持てない。</groupLimit><br><br><consumable>クリックで使用:</consumable> 目に見えない<font color='#BBFFFF'>ステルスワード</font>を1個設置する。ステルスワードは周囲の視界を得る。効果は<scaleLevel>60 - 120</scaleLevel>秒間持続する。
グレイシャルシュラウド,3024,"{'Armor': '20', 'Mana': '250'}",[],{'CooldownReduction': '10'},[], <stats>物理防御 +20<br><mana>マナ +250</mana></stats><br><br><unique>自動効果(重複不可) :</unique> クールダウン短縮 +10%
ヘクステック・リボルバー,3145,{'AbilityPower': '40'},[],{},['自動効果(重複不可) - マジックボルト:敵チャンピオンを通常攻撃で攻撃すると'], <stats>魔力 +40</stats><br><br><unique>自動効果(重複不可) - マジックボルト:</unique> 敵チャンピオンを通常攻撃で攻撃すると<scaleLevel>50 - 125</scaleLevel>の追加魔法ダメージを与える(クールダウン40秒、他の<font color='#9999FF'><a href='itembolt'>ヘクステック</a></font>アイテムと共有)。<br><br>アイテム発動効果のクールダウン短縮で「マジックボルト」のクールダウンが短縮される。<br><br><rules>(ダメージはレベルによって増加する。ヘクステックの効果は他のアイテム効果を発動させる)</rules>
コントロールワード,2055,{},[],{},[], <groupLimit>コントロールワードは同時に3個までしか持てない。</groupLimit><br><br><consumable>クリックで使用:</consumable> ワード1個を設置して周囲の視界を得る。このワードは周囲にある隠された罠を可視化し、周囲にあるワードを可視化/無効化する。他のコントロールワードは無効化しない。カモフラージュ状態のユニットも可視化する。<br><br>マップへ同時に置ける<font color='#BBFFFF'>コントロールワード</font>の数は、プレイヤー1人につき1個まで。
ビルジウォーター・カトラス,3144,"{'AttackDamage': '25', 'LifeSteal': '10'}",['発動効果(重複不可) :100の魔法ダメージを与え、対象チャンピオンの移動速度を25%低下させる。効果は2秒間(クールダウン90秒)。'],{},[], <stats>攻撃力 +25<br>ライフスティール +10%</stats><br><br><active>発動効果(重複不可) :</active> 100の魔法ダメージを与え、対象チャンピオンの移動速度を25%低下させる。効果は2秒間(クールダウン90秒)。
ゾーニャの遡時計,3386,"{'AbilityPower': '100', 'Armor': '60', 'CooldownReduction': '10'}",['発動効果(重複不可) - 固有時停止:2.5秒間自身が無敵状態になり、対象指定されない。この間、自身は移動、攻撃、スキルやアイテムの使用など、一切の行動ができなくなる(クールダウン120秒)。'],{},[], <stats><font color='#FFFFFF'>魔力 +100</font><br><font color='#FFFFFF'>物理防御 +60</font><br>クールダウン短縮 +10%</stats><br><br><active>発動効果(重複不可) - 固有時停止:</active> 2.5秒間自身が無敵状態になり、対象指定されない。この間、自身は移動、攻撃、スキルやアイテムの使用など、一切の行動ができなくなる(クールダウン120秒)。
ポロのヘルシーおやつ,2054,{},[],{},[], 通常のポロスナックのフレーバーはそのままに、カロリーゼロを実現！あなたのポロもハッピー&ヘルシー！<br><br><consumable>クリックで消費:</consumable> かわいいポロにおいしくて健康的なおやつを。
フローズンマレット,3022,"{'Health': '700', 'AttackDamage': '30'}",[],{},['自動効果(重複不可) - 氷結:通常攻撃が命中すると、1.5秒間対象をスロウ状態にする。スロウ率は近接攻撃で40%、遠隔攻撃で20%。'], <stats>体力 +700<br>攻撃力 +30</stats><br><br><unique>自動効果(重複不可) - 氷結:</unique> 通常攻撃が命中すると、1.5秒間対象をスロウ状態にする。スロウ率は近接攻撃で40%、遠隔攻撃で20%。
ランデュイン・オーメン,3143,"{'Health': '400', 'Armor': '60'}",['発動効果(重複不可):周囲の敵ユニットの移動速度を55%低下させる。効果は2秒間(クールダウン60秒)。'],{},"['自動効果(重複不可):通常攻撃でのクリティカルダメージを20%軽減。', '自動効果(重複不可) - 冷たい鋼:通常攻撃を受けた際、攻撃者の攻撃速度を15%低下させる(効果は1秒間)。']", <stats>体力 +400<br>物理防御 +60</stats><br><br><unique>自動効果(重複不可):</unique> 通常攻撃でのクリティカルダメージを20%軽減。<br><unique>自動効果(重複不可) - 冷たい鋼:</unique> 通常攻撃を受けた際、攻撃者の攻撃速度を15%低下させる(効果は1秒間)。<br><active>発動効果(重複不可):</active> 周囲の敵ユニットの移動速度を55%低下させる。効果は2秒間(クールダウン60秒)。
ラプタークローク,2053,"{'Armor': '30', 'HealthRegeneration': '125'}",[],{},['自動効果(重複不可) - ポイントランナー:タワー (破壊されたものを含む) および「ヴォイドゲート」付近では、2秒かけて、移動速度が最大20%まで徐々に増加していく。'], <stats>物理防御 +30<br>基本体力自動回復 +125%  </stats><br><br><unique>自動効果(重複不可) - ポイントランナー:</unique> タワー (破壊されたものを含む) および「ヴォイドゲート」付近では、2秒かけて、移動速度が最大20%まで徐々に増加していく。
妖夢の霊剣,3142,"{'AttackDamage': '55', 'CooldownReduction': '10'}",['発動効果(重複不可):移動速度が6秒間、20%増加する(クールダウン45秒)。'],{'Lethality': '18'},['自動効果(重複不可):非戦闘時の移動速度 40'], <stats>攻撃力 +55<br>クールダウン短縮 +10%</stats><br><br><unique>自動効果(重複不可):</unique> 脅威 +18<a href='Lethality'></a><br><unique>自動効果(重複不可):</unique> 非戦闘時の移動速度 +40<br><active>発動効果(重複不可):</active> 移動速度が6秒間、20%増加する(クールダウン45秒)。
トリニティ・フュージョン,3384,"{'Health': '350', 'Mana': '350', 'AttackDamage': '35', 'AttackSpeed': '50', 'CooldownReduction': '20', 'PercentMovementSpeed': '8'}",[],{},"['自動効果(重複不可) - 疾駆:通常攻撃をすると移動速度が20増加する。効果は2秒間。キルすると移動速度が60増加する。遠隔チャンピオンの場合、この増加移動速度は半分になる。', '自動効果(重複不可) - 追撃:スキル使用後、次の通常攻撃の命中時に基本攻撃力の200%に等しい追加物理ダメージを与える(クールダウン1.5秒)。']", <stats><font color='#FFFFFF'>体力 +350</font><br><font color='#FFFFFF'><mana>マナ +350</mana></font><br><font color='#FFFFFF'>攻撃力 +35</font><br><font color='#FFFFFF'>攻撃速度 +50%</font><br>クールダウン短縮 +20%<br><font color='#FFFFFF'>移動速度 +8%</font></stats><br><br><unique>自動効果(重複不可) - 疾駆:</unique> 通常攻撃をすると移動速度が20増加する。効果は2秒間。キルすると移動速度が60増加する。遠隔チャンピオンの場合、この増加移動速度は半分になる。<br><unique>自動効果(重複不可) - 追撃:</unique> スキル使用後、次の通常攻撃の命中時に基本攻撃力の200%に等しい追加物理ダメージを与える(クールダウン1.5秒)。
ポロのおやつ,2052,{},[],{},[], 放し飼いで伸び伸びと草を食べて育ったアヴァローサ産地鶏と、ZMO不使用の有機フレヨルド産ハーブをブレンドし、風味豊かに仕上げました。かわいいポロのご機嫌な生活に必要な栄養素を、バランス良く含有しています。<br><br>すべての収益はノクサスの動物虐待防止運動に寄付されます。
ソーサラーシューズ,3020,{'MagicPenetration': '18'},[],{'FlatMovementSpeed': '45'},[], <groupLimit>ブーツの所持上限は1。</groupLimit><br><br><stats><a href='FlatMagicPen'>魔法防御貫通</a> +18</stats><br><br><unique>自動効果(重複不可) - 移動速度強化:</unique> 移動速度 +45
ソラリのサークレット,3383,"{'Armor': '45', 'MagicResistance': '75'}",['発動効果(重複不可):周囲の味方に徐々に減少するシールドを付与する。シールドは2.5秒間持続し、耐久値は最大35(+22xレベル)'],{},[], <stats><font color='#FFFFFF'>物理防御 +45</font><br><font color='#FFFFFF'>魔法防御 +75</font></stats><br><br><active>発動効果(重複不可):</active> 周囲の味方に徐々に減少するシールドを付与する。シールドは2.5秒間持続し、耐久値は最大35(+22xレベル)<scaleHealth>(+自身の増加体力の2%〜36%)</scaleHealth>となる(クールダウン90秒)。<br><br><rules>シールドの耐久値のレベルは自身または対象のレベルのどちらか高い方となる。<br>シールドの反映率はレベルに応じて増加する。<br>対象が5秒以内に別のソラリのロケットの効果を受けていた場合は、シールド耐久値が0%まで減少する。</rules>
カル,1083,{'AttackDamage': '7'},[],{},['自動効果(重複不可) :ミニオンをキルすると1ゴールドを追加で獲得。ミニオンを100体キルすると追加で350ゴールドのボーナスを獲得し、以後この自動効果は無効になる。'], <stats>攻撃力 +7<br>攻撃が命中すると体力3回復</stats><br><br><unique>自動効果(重複不可) :</unique> ミニオンをキルすると1ゴールドを追加で獲得。ミニオンを100体キルすると追加で350ゴールドのボーナスを獲得し、以後この自動効果は無効になる。
シルバーサッシュ,3140,{'MagicResistance': '30'},['発動効果(重複不可) - 水銀:行動妨害系のデバフを解除する (クールダウン90秒)。'],{},[], <stats>魔法防御 +30</stats><br><br><active>発動効果(重複不可) - 水銀:</active> 行動妨害系のデバフを解除する (クールダウン90秒)。
サルベーション,3382,"{'Health': '300', 'HealthRegeneration': '150', 'ManaRegeneration': '200', 'CooldownReduction': '10'}","['発動効果(重複不可):射程5500以内の一定範囲を指定する。2.5秒後に光が天から降り注ぎ、味方ユニットの体力を10(さらに対象のレベル毎に20ずつ増加)回復して、敵チャンピオンの最大体力の10%を燃やして確定ダメージとして与え、敵ミニオンには250の確定ダメージを与える(クールダウン120秒)。「サルベーション」の回復に対しては回復効果およびシールド量の上昇効果が3倍になる。', '自動効果(重複不可):回復効果およびシールド量 +10%']",{},[], <stats><font color='#FFFFFF'>体力 +300</font><br><font color='#FFFFFF'>基本体力自動回復 +150%</font><br><font color='#FFFFFF'>基本マナ自動回復 +200%</font><br>クールダウン短縮 +10%</stats><br><br><passive>自動効果(重複不可):</passive> 回復効果およびシールド量 +10%<br><active>発動効果(重複不可):</active> 射程5500以内の一定範囲を指定する。2.5秒後に光が天から降り注ぎ、味方ユニットの体力を10(さらに対象のレベル毎に20ずつ増加)回復して、敵チャンピオンの最大体力の10%を燃やして<font color='#FFFFFF'>確定</font>ダメージとして与え、敵ミニオンには250の<font color='#FFFFFF'>確定</font>ダメージを与える(クールダウン120秒)。「サルベーション」の回復に対しては回復効果およびシールド量の上昇効果が3倍になる。<br><br>死亡中でも使用できる。<br><br><rules>対象が直前に「リデンプション」を受けていた場合は効果が半減する。</rules>
ダークシール,1082,"{'AbilityPower': '15', 'Mana': '100'}",[],{},"['自動効果(重複不可) - ドレッド:栄光1スタックごとに魔力3を得る。', '自動効果(重複不可) - デスゲーム:チャンピオンをキルすると2、アシストすると1の栄光スタック(最大10)を得る。自身がデスすると4スタックを失う。']", <stats>魔力 +15<br>ポーションの回復効果 +25%<br><mana>マナ +100</mana></stats><br><br><unique>自動効果(重複不可) - ドレッド:</unique> 栄光1スタックごとに魔力3を得る。<br><unique>自動効果(重複不可) - デスゲーム:</unique> チャンピオンをキルすると2、アシストすると1の栄光スタック(最大10)を得る。自身がデスすると4スタックを失う。
探検家のワード,2050,{},[],{},[], <consumable>クリックで使用:</consumable> ステルスワード1個を設置する。ワードは周囲の視界を得る。効果は60秒間持続する。
オブシディアン・クリーバー,3380,"{'Health': '550', 'AttackDamage': '60', 'CooldownReduction': '20'}",[],{},"['自動効果(重複不可):敵チャンピオンに物理ダメージを与えると相手にクリーブを与え、6秒間、物理防御を4%減少させる(最大で6回、24%までスタックする)。', '自動効果(重複不可) - 疾駆:物理ダメージを与えると、2秒間、移動速度が20増加する。クリーブを受けた敵チャンピオンからアシストを獲得するか、いずれかのユニットをキルすると、代わりに2秒間、移動速度が60増加する。遠隔チャンピオンの場合は、増加する移動速度が半分になる。']", <stats><font color='#FFFFFF'>体力 +550</font><br><font color='#FFFFFF'>攻撃力 +60</font><br>クールダウン短縮 +20%</stats><br><br><unique>自動効果(重複不可):</unique> 敵チャンピオンに物理ダメージを与えると相手にクリーブを与え、6秒間、物理防御を4%減少させる(最大で6回、24%までスタックする)。<br><unique>自動効果(重複不可) - 疾駆:</unique> 物理ダメージを与えると、2秒間、移動速度が20増加する。クリーブを受けた敵チャンピオンからアシストを獲得するか、いずれかのユニットをキルすると、代わりに2秒間、移動速度が60増加する。遠隔チャンピオンの場合は、増加する移動速度が半分になる。
ナイトエッジ,3814,"{'Health': '250', 'AttackDamage': '55'}",[],{'Lethality': '18'},['発動効果(重複不可) - ナイトヴェール:1.5秒間詠唱してから、次に敵が使用するスキルをブロックできるスペルシールドを付与する。効果時間は7秒(クールダウン40秒)。'], <stats>体力 +250<br>攻撃力 +55</stats><br><br><unique>自動効果(重複不可):</unique> <a href='Lethality'>脅威</a> +18<br><unique>発動効果(重複不可) - ナイトヴェール:</unique> 1.5秒間詠唱してから、次に敵が使用するスキルをブロックできるスペルシールドを付与する。効果時間は7秒(クールダウン40秒)。<br><br><rules>(詠唱中も移動可能だが、ダメージを受けると詠唱が阻止される。)</rules>
マーキュリアル・シミター,3139,"{'AttackDamage': '65', 'MagicResistance': '35', 'LifeSteal': '10'}",['発動効果(重複不可) - 水銀:行動妨害系のデバフを解除し、移動速度+50%の効果が1秒間発生する (クールダウン90秒)。'],{},[], <stats>攻撃力 +65<br>魔法防御 +35<br>ライフスティール +10%</stats><br><br><active>発動効果(重複不可) - 水銀:</active> 行動妨害系のデバフを解除し、移動速度+50%の効果が1秒間発生する (クールダウン90秒)。
インファーナルマスク,3379,"{'Health': '550', 'Mana': '300', 'MagicResistance': '90', 'CooldownReduction': '10'}",[],{},['自動効果(重複不可) - 久遠:敵チャンピオンからの被ダメージの15%をマナとして回復する。マナを使用すると、そのコストの20%を体力として回復する(1回ごとに最大25)。'], <stats><font color='#FFFFFF'>体力 +550</font><br><mana>マナ +300</mana><br><font color='#FFFFFF'>魔法防御 +90</font><br>クールダウン短縮 +10%</stats><br><br><unique>自動効果(重複不可) - 久遠:</unique> 敵チャンピオンからの被ダメージの15%をマナとして回復する。マナを使用すると、そのコストの20%を体力として回復する(1回ごとに最大25)。<br><aura>オーラ(重複不可):</aura> 周囲の敵チャンピオンが受ける魔法ダメージが15%増加する。
悲愴な仮面,3136,"{'AbilityPower': '35', 'Health': '200'}",[],{},['自動効果(重複不可) - 狂気:チャンピオンにダメージを与えている間、自身の与えるダメージが毎秒2%増加(最大10%)。'], <stats>魔力 +35<br>体力 +200</stats><br><br><unique>自動効果(重複不可) - 狂気:</unique> チャンピオンにダメージを与えている間、自身の与えるダメージが毎秒2%増加(最大10%)。
ヴォイドスタッフ,3135,{'AbilityPower': '70'},[],{},['自動効果(重複不可):魔法防御貫通 40%'], <stats>魔力 +70</stats><br><br><unique>自動効果(重複不可):</unique> <a href='TotalMagicPen'>魔法防御貫通</a> +40%
デスダンス,3812,"{'AttackDamage': '80', 'CooldownReduction': '10'}",[],{},"['自動効果(重複不可):物理ダメージを与えると、与えたダメージの15%分、自身を回復する。範囲効果ダメージの場合、この効果が33%になる。', '自動効果(重複不可):自身が受けたダメージの30%は「出血」効果として扱われ、3秒かけて適用される。']", <stats>攻撃力 +80<br>クールダウン短縮 +10%</stats><br><br><unique>自動効果(重複不可):</unique> 物理ダメージを与えると、与えたダメージの15%分、自身を回復する。範囲効果ダメージの場合、この効果が33%になる。<br><unique>自動効果(重複不可):</unique> 自身が受けたダメージの30%は「出血」効果として扱われ、3秒かけて適用される。
ラストウィスパー,3035,{'AttackDamage': '10'},[],{},['自動効果(重複不可) - ラストウィスパー:物理防御増加分貫通 35%'], <stats>攻撃力 +10</stats><br><br><unique>自動効果(重複不可) - ラストウィスパー:</unique> <a href='BonusArmorPen'>物理防御増加分貫通</a> +35%
マルモティウスの胃袋,3156,"{'AttackDamage': '50', 'MagicResistance': '45', 'CooldownReduction': '10'}",[],{},['自動効果(重複不可) - ライフライン:魔法ダメージを受け、体力がそれによって最大体力の30%未満になる場合、シールドを展開する。このシールドは、300に増加魔法防御力を加えた耐久値を持ち、魔法ダメージを5秒間防ぐ(クールダウン90秒)。'], <stats>攻撃力 +50<br>魔法防御 +45<br>クールダウン短縮 +10%</stats><br><br><unique>自動効果(重複不可) - ライフライン:</unique> 魔法ダメージを受け、体力がそれによって最大体力の30%未満になる場合、シールドを展開する。このシールドは、300に増加魔法防御力を加えた耐久値を持ち、魔法ダメージを5秒間防ぐ(クールダウン90秒)。<br><unlockedPassive>生への執着:</unlockedPassive> ライフラインが発動すると、非戦闘状態になるまで攻撃力 +20、スペルヴァンプ +10%、ライフスティール +10%を得る。
ジャイアントスレイヤー,3034,{'AttackDamage': '10'},[],{},['自動効果(重複不可) - ジャイアントスレイヤー:自身より最大体力の多い敵チャンピオンに対して物理ダメージを与えるとき、ダメージが最大で 10%増加する (体力の差200につき 1%、体力差2000以上で効果最大)。'], <stats>攻撃力 +10</stats><br><br><unique>自動効果(重複不可) - ジャイアントスレイヤー:</unique> 自身より最大体力の多い敵チャンピオンに対して物理ダメージを与えるとき、ダメージが最大で +10%増加する (体力の差200につき +1%、体力差2000以上で効果最大)。<br><br><rules>(同名の自動効果(重複不可) はスタックしない)</rules>
ヘクスドリンカー,3155,"{'AttackDamage': '20', 'MagicResistance': '35'}",[],{},['自動効果(重複不可) - ライフライン:魔法ダメージを受け、そのダメージにより体力が最大値の30%未満になる場合、5秒間耐久値110 - 280 (レベルに比例) をもつ魔法ダメージを防ぐシールドを得る(クールダウン90秒)。'], <stats>攻撃力 +20<br>魔法防御 +35</stats><br><br><unique>自動効果(重複不可) - ライフライン:</unique> 魔法ダメージを受け、そのダメージにより体力が最大値の30%未満になる場合、5秒間耐久値110 - 280 (レベルに比例) をもつ魔法ダメージを防ぐシールドを得る(クールダウン90秒)。
シュレリアの思念,2065,"{'AbilityPower': '40', 'Health': '200'}",['発動効果(重複不可):自身と周囲の味方の移動速度が3秒間40%増加(クールダウン60秒)。'],"{'CooldownReduction': '10', 'PercentMovementSpeed': '8'}",[], <stats>魔力 +40<br>体力 +200</stats><br><br><unique>重複不可:</unique> クールダウン短縮 +10%<br><unique>重複不可:</unique> 移動速度 +8%<br><active>発動効果(重複不可):</active> 自身と周囲の味方の移動速度が3秒間40%増加(クールダウン60秒)。
モータルリマインダー,3033,{'AttackDamage': '50'},[],{},"['自動効果(重複不可) - 処刑人:敵チャンピオンに物理ダメージを与えると、5秒間持続する「重傷」を付与する。', '自動効果(重複不可) - ラストウィスパー:物理防御増加分貫通 35%']", <stats>攻撃力 +50</stats><br><br><unique>自動効果(重複不可) - 処刑人:</unique> 敵チャンピオンに物理ダメージを与えると、5秒間持続する<a href='GrievousWounds'>「重傷」</a>を付与する。<br><unique>自動効果(重複不可) - ラストウィスパー:</unique> <a href='BonusArmorPen'>物理防御増加分貫通</a> +35%
ルインドキング・ブレード,3153,"{'AttackDamage': '40', 'AttackSpeed': '25', 'LifeSteal': '12'}",['発動効果(重複不可):指定したチャンピオンに100の魔法ダメージを与え、移動速度の25%を3秒間奪う(クールダウン90秒)。'],{},['自動効果(重複不可):通常攻撃が対象の現在体力の8%を追加物理ダメージとして与える。'], <stats>攻撃力 +40<br>攻撃速度 +25%<br>ライフスティール +12%</stats><br><br><unique>自動効果(重複不可):</unique> 通常攻撃が対象の現在体力の8%を追加物理ダメージとして与える。<br><active>発動効果(重複不可):</active> 指定したチャンピオンに100の魔法ダメージを与え、移動速度の25%を3秒間奪う(クールダウン90秒)。<br><br><rules>与える追加物理ダメージは最低15。<br>中立モンスター/ミニオンに対して与える追加物理ダメージは最大60。<br>与える追加物理ダメージには自身のライフスティールが適用される。</rules>
インフィニティ・エッジ,3031,"{'AttackDamage': '70', 'CriticalStrikeChance': '20'}",[],{},['自動効果(重複不可) :クリティカルの追加ダメージが50%増加。'], <stats>攻撃力 +70<br>クリティカル率 +20%</stats><br><br><unique>自動効果(重複不可) :</unique> クリティカルの追加ダメージが50%増加。
ヘクステック・プロトベルト01,3152,"{'Health': '300', 'AbilityPower': '60', 'CooldownReduction': '10'}",[],{},['発動効果(重複不可) - ファイアボルト:前方にダッシュし、'], <stats>体力 +300<br>魔力 +60<br>クールダウン短縮 +10%</stats><br><br><unique>発動効果(重複不可) - ファイアボルト:</unique> 前方にダッシュし、<scaleLevel>75 - 150</scaleLevel>(+魔力の25%)の魔法ダメージを与える火の矢を放つ(クールダウン40秒、他の<font color='#9999FF'><a href='itembolt'>ヘクステック</a></font>アイテムと共有)。<br><br>複数の火の矢が命中したチャンピオンならびに中立モンスターには追加で10%のダメージを与える。<br><br><rules>(ダッシュは地形を飛び越えられない)</rules>
奪ったルージュポーション,2062,{},[],{},[], <consumable>クリックで使用:</consumable> 45秒間、アダプティブフォース10(+1xレベル)を獲得する。 
ヘクステック・GLP-800,3030,"{'AbilityPower': '80', 'Mana': '500', 'CooldownReduction': '10'}",[],{},"['自動効果(重複不可) - 素早さ:このアイテムが追加で10%のクールダウン短縮を獲得。', '発動効果(重複不可) - フロストボルト:鋭い氷の矢を放ち、命中したすべての敵に']", <stats>魔力 +80<br><mana>マナ +500</mana><br>クールダウン短縮 +10%</stats><br><br><unique>自動効果(重複不可) - 素早さ:</unique> このアイテムが追加で10%のクールダウン短縮を獲得。<br><unique>発動効果(重複不可) - フロストボルト:</unique> 鋭い氷の矢を放ち、命中したすべての敵に<scaleLevel>100 - 200</scaleLevel>(+現在の魔力の20%)の魔法ダメージを与える(クールダウン40秒、他の<font color='#9999FF'><a href='itembolt'>ヘクステック</a></font>アイテムと共有)。<br><br>また65%のスロウも与える。スロウ効果は1秒かけて衰退。
ライアンドリーの仮面,3151,"{'AbilityPower': '80', 'Health': '300'}",[],{},"['自動効果(重複不可) - 狂気:チャンピオンにダメージを与えている間、自身の与えるダメージが毎秒2%増加(最大10%)。', '自動効果(重複不可) - 苦悩:3秒間呪文で炎を浴びせ、対象の最大体力の1%に等しい追加魔法ダメージを毎秒与える。移動制限効果を受けているユニットは炎によるダメージが2倍に増加。']", <stats>魔力 +80<br>体力 +300</stats><br><br> <unique>自動効果(重複不可) - 狂気:</unique> チャンピオンにダメージを与えている間、自身の与えるダメージが毎秒2%増加(最大10%)。<br><unique>自動効果(重複不可) - 苦悩:</unique> 3秒間呪文で炎を浴びせ、対象の最大体力の1%に等しい追加魔法ダメージを毎秒与える。<a href='MovementImpaired'>移動制限効果</a>を受けているユニットは炎によるダメージが2倍に増加。
奪った体力ポーション,2061,{},[],{},[], <consumable>クリックで使用:</consumable> 体力50を5秒間かけて回復する。
ミニラースエリクサー,2060,{},[],{},[], <consumable>クリックで使用: </consumable>攻撃力を15増加させて<font color='#FF8811'><u>血の欲望</u></font>の効果を得る。効果時間はレベルに応じて45秒 - 90秒。<br><br><font color='#FF8811'><u>血の欲望:</u></font> チャンピオンに物理ダメージを与えると、与えたダメージの10%を回復する。<br><br><rules>(ミニエリクサーは他のミニエリクサーと同時に使用できる。)</rules>
エンチャント: ルーンエコー,1402,"{'AbilityPower': '60', 'PercentMovementSpeed': '7'}",[],{},['自動効果(重複不可) - エコー:移動およびスキル使用によりチャージを溜めることができる。チャージが100溜まると、次に発動する攻撃スキルは命中時に全チャージを消費して、最大4体の対象に60（魔力の10%）の追加魔法ダメージを与える。'], <stats>魔力 +60<br>移動速度 +7%</stats><br><br><unique>自動効果(重複不可) - エコー:</unique> 移動およびスキル使用によりチャージを溜めることができる。チャージが100溜まると、次に発動する攻撃スキルは命中時に全チャージを消費して、最大4体の対象に60（+魔力の10%）の追加魔法ダメージを与える。<br><br>この効果は大型モンスターに250%のダメージを与える。この効果が大型モンスターに命中すると、自身が失ったマナの25%が回復する。
ストーカーブレード,3706,{},[],{},"['自動効果(重複不可) - チル・スマイト:「スマイト」で敵チャンピオンを攻撃できる。与える確定ダメージが通常より減る代わりに2秒間、移動速度を20%奪う。', '自動効果(重複不可) - トゥース/クロウ:モンスターに通常攻撃すると@Effect2Amount@の追加ダメージを与え、@Effect11Amount@秒間攻撃速度を@Effect12Amount@%増加。モンスターに通常攻撃またはダメージスキルが当たると@Effect1Amount@体力を@Effect4Amount@秒かけて奪い、燃やして@Effect13Amount@魔法ダメージを与える。モンスターを倒すと特別経験値を獲得。']", <groupLimit>所持できるジャングラー専用アイテムは1つのみ。</groupLimit><br><br><stats>対モンスターライフスティール +10%<br><mana>ジャングル内での基本マナ自動回復 +225%</mana></stats><br><br><unique>自動効果(重複不可) - チル・スマイト:</unique> 「スマイト」で敵チャンピオンを攻撃できる。与える確定ダメージが通常より減る代わりに2秒間、移動速度を20%奪う。<br><unique>自動効果(重複不可) - トゥース/クロウ:</unique>モンスターに通常攻撃すると@Effect2Amount@の追加ダメージを与え、@Effect11Amount@秒間攻撃速度を@Effect12Amount@%増加。モンスターに通常攻撃またはダメージスキルが当たると@Effect1Amount@体力を@Effect4Amount@秒かけて奪い、燃やして@Effect13Amount@魔法ダメージを与える。モンスターを倒すと<font color='#99BBBB'><a href='SpecialJungleExperience'>特別経験値</a></font>を獲得。
エンチャント: シンダーハルク,1401,{'Health': '300'},[],{},['自動効果(重複不可) - 猛火:戦闘中、周囲の敵に毎秒11(1 x チャンピオンのレベル)の魔法ダメージを与える。ミニオンと中立モンスターに対しては200%の追加ダメージを与える。'], <stats>体力 +300<br>体力増加分 +15%</stats><br><br><unique>自動効果(重複不可) - 猛火:</unique> 戦闘中、周囲の敵に毎秒11(+1 x チャンピオンのレベル)の魔法ダメージを与える。ミニオンと中立モンスターに対しては200%の追加ダメージを与える。
ロッド・オブ・エイジス(クイックチャージ),3029,"{'Health': '300', 'Mana': '300', 'AbilityPower': '60'}",['自動効果:1スタックごとに体力 +20、マナ +10、魔力 +4を獲得 (最大で体力 +200、マナ +100、魔力 +40)。40秒毎に1スタックを獲得 (最大10スタック)。'],{},['自動効果(重複不可) - 久遠:敵チャンピオンからの被ダメージの15%をマナとして回復する。マナを使用すると、そのコストの20%を体力として回復する(1回ごとに最大25)。'], <stats>体力 +300<br><mana>マナ +300</mana><br>魔力 +60</stats><br><br><passive>自動効果:</passive> 1スタックごとに体力 +20、マナ +10、魔力 +4を獲得 (最大で体力 +200、マナ +100、魔力 +40)。40秒毎に1スタックを獲得 (最大10スタック)。<br><unique>自動効果(重複不可) - 久遠:</unique> 敵チャンピオンからの被ダメージの15%をマナとして回復する。マナを使用すると、そのコストの20%を体力として回復する(1回ごとに最大25)。
エンチャント: ウォリアー,1400,"{'AttackDamage': '60', 'CooldownReduction': '10'}",[],{},[], <stats>攻撃力 +60<br>クールダウン短縮 +10%</stats>
調和の聖杯,3028,"{'MagicResistance': '30', 'ManaRegeneration': '50'}",[],{},['自動効果(重複不可) - 調和:基本マナ自動回復の上昇率が、基本体力自動回復の上昇率にも適用される。'], <stats>魔法防御 +30<br><mana>基本マナ自動回復 +50%</mana></stats><br><br><unique>自動効果(重複不可) - 調和:</unique> 基本マナ自動回復の上昇率が、基本体力自動回復の上昇率にも適用される。</unique>
ミニソーサリーエリクサー,2059,{},[],{},[], <consumable>クリックで使用:</consumable> 魔力を25、マナ自動回復(5秒毎)を7.5増加させて<font color='#FF8811'><u>聡明</u></font>の効果を得る。効果時間はレベルに応じて45秒 - 90秒。<br><br><font color='#FF8811'><u>聡明:</u></font> チャンピオンとタワーへの攻撃は15の追加確定ダメージを得る。チャンピオンを対象とする場合、この効果には5秒のクールダウンがあるが、タワーを対象とする場合、クールダウンはない。<br><br><rules>(ミニエリクサーは他のミニエリクサーと同時に使用できる。)</rules><br>
ロッド・オブ・エイジス,3027,"{'Health': '300', 'Mana': '300', 'AbilityPower': '60'}",['自動効果:1スタックごとに体力 +20、マナ +10、魔力 +4を獲得 (最大で体力 +200、マナ +100、魔力 +40)。1分ごとに1スタックを獲得 (最大10スタック)。'],{},['自動効果(重複不可) - 久遠:敵チャンピオンからの被ダメージの15%をマナとして回復する。マナを使用すると、そのコストの20%を体力として回復する(1回ごとに最大25)。'], <stats>体力 +300<br><mana>マナ +300</mana><br>魔力 +60</stats><br><br><passive>自動効果:</passive> 1スタックごとに体力 +20、マナ +10、魔力 +4を獲得 (最大で体力 +200、マナ +100、魔力 +40)。1分ごとに1スタックを獲得 (最大10スタック)。<br><unique>自動効果(重複不可) - 久遠:</unique> 敵チャンピオンからの被ダメージの15%をマナとして回復する。マナを使用すると、そのコストの20%を体力として回復する(1回ごとに最大25)。
ミニアイアンエリクサー,2058,{},[],{},[], <consumable>クリックで使用:</consumable> 体力を150、行動妨害耐性を25%増加させて体が大きくなり、<font color='#FF8811'><u>鋼の導べ</u></font>を獲得する。効果時間はレベルに応じて45秒 - 90秒。<br><br><font color='#FF8811'><u>鋼の導べ:</u></font> 通過した場所が「鋼の導べ」となり、続く味方チャンピオンの移動速度を15%増加させる。<br><br><rules>(ミニエリクサーは他のミニエリクサーと同時に使用できる。)</rules>
ガーディアンエンジェル,3026,"{'AttackDamage': '40', 'Armor': '30'}",[],{},['自動効果(重複不可):体力がゼロになった際、対象指定不可の状態でその場に倒れて4秒間静止した後に、基本体力の50%と最大マナの30%を回復して復活する(クールダウン300秒)。'], <stats>攻撃力 +40<br>物理防御 +30</stats><br><br><unique>自動効果(重複不可):</unique> 体力がゼロになった際、対象指定不可の状態でその場に倒れて4秒間静止した後に、基本体力の50%と最大マナの30%を回復して復活する(クールダウン300秒)。
ドラクサー・ダスクブレード,3147,"{'AttackDamage': '55', 'CooldownReduction': '10'}",[],{'Lethality': '18'},"['自動効果(重複不可) - ブラックアウト:敵のワードに発見されると8秒間周囲にある罠を可視化してワードを無効化し、近接攻撃1回でこれらを破壊できる(クールダウン90秒)。', '自動効果(重複不可) - ナイトストーカー:1秒以上敵に見つからずにいると、敵チャンピオンに対する次の通常攻撃が命中時に']", <stats>攻撃力 +55<br>クールダウン短縮 +10%</stats><br><br><unique>自動効果(重複不可):</unique> <a href='Lethality'>脅威</a> +18<br><unique>自動効果(重複不可) - ブラックアウト:</unique> 敵のワードに発見されると8秒間周囲にある罠を可視化してワードを無効化し、近接攻撃1回でこれらを破壊できる(クールダウン90秒)。<br><unique>自動効果(重複不可) - ナイトストーカー:</unique> 1秒以上敵に見つからずにいると、敵チャンピオンに対する次の通常攻撃が命中時に<scaleLevel>30 - 200</scaleLevel>追加物理ダメージを与え、移動速度を0.25秒間99%低下させる。遠隔通常攻撃なら移動速度は低下させない(敵チャンピオンに発見されてから5秒間は効果が持続)。
凝視するファーサイトワード,2057,{},[],{},[], <consumable>クリックで使用:</consumable> 2000距離以内の場所から一定範囲の視界を確保し、壊れやすい可視状態のワードを1個設置する。味方はこのワードを対象指定することができない。
アイスボーンガントレット,3025,"{'Armor': '65', 'CooldownReduction': '20', 'Mana': '500'}",[],{},['自動効果(重複不可) - 追撃:スキル使用後、次の通常攻撃が命中すると、基本攻撃力の100%に等しい追加物理ダメージを一定範囲内に与え、2秒間、移動速度を30%減少させる氷のゾーンを作り出す (クールダウン1.5秒)。'], <stats>物理防御 +65<br>クールダウン短縮 +20%<br><mana>マナ +500</mana></stats><br><br><unique>自動効果(重複不可) - 追撃:</unique> スキル使用後、次の通常攻撃が命中すると、基本攻撃力の100%に等しい追加物理ダメージを一定範囲内に与え、2秒間、移動速度を30%減少させる氷のゾーンを作り出す (クールダウン1.5秒)。<br><br>ゾーンの広さは増加物理防御に応じて増加する。
ヘクステック・ガンブレード,3146,"{'AttackDamage': '40', 'AbilityPower': '80'}",['発動効果(重複不可) - ライトニングボルト:'],{},['自動効果(重複不可):与えたダメージの15%を自分の体力として回復する。範囲効果ダメージの場合、その内の33%分のみ回復する。'], <stats>攻撃力 +40<br>魔力 +80</stats><br><br><unique>自動効果(重複不可):</unique> 与えたダメージの15%を自分の体力として回復する。範囲効果ダメージの場合、その内の33%分のみ回復する。<br><active>発動効果(重複不可) - ライトニングボルト:</active> <scaleLevel>175 - 253</scaleLevel>(+魔力の30%)の魔法ダメージを与え、2秒間対象チャンピオンの移動速度を40%低下させる(クールダウン40秒、他の<font color='#9999FF'><a href='itembolt'>ヘクステック</a></font>アイテムと共有)。
ファントムダンサー,3046,"{'AttackSpeed': '45', 'CriticalStrikeChance': '30', 'PercentMovementSpeed': '5'}",[],{},"['自動効果(重複不可) - 幽霊のワルツ:自身で視認できる敵チャンピオンの550ユニット内にいる場合、移動速度が7%増加し、ユニットを通り抜けられるようになる。', '自動効果(重複不可) - ラメント:最後に攻撃を命中させたチャンピオンから自身が受けるダメージが12%減少する。攻撃を命中させることなく10秒経過すると効果は終了する。']", <stats>攻撃速度 +45%<br>クリティカル率 +30%<br>移動速度 +5%</stats><br><br><unique>自動効果(重複不可) - 幽霊のワルツ:</unique> 自身で視認できる敵チャンピオンの550ユニット内にいる場合、移動速度が7%増加し、ユニットを通り抜けられるようになる。<br><unique>自動効果(重複不可) - ラメント:</unique> 最後に攻撃を命中させたチャンピオンから自身が受けるダメージが12%減少する。攻撃を命中させることなく10秒経過すると効果は終了する。
ファージ,3044,"{'Health': '200', 'AttackDamage': '15'}",[],{},['自動効果(重複不可) - 疾駆:通常攻撃で、2秒間移動速度が20増加する。敵をキルした場合、移動速度は60増加する。遠隔チャンピオンの場合、この増加移動速度は半分になる。'], <stats>体力 +200<br>攻撃力 +15</stats><br><br><unique>自動効果(重複不可) - 疾駆:</unique> 通常攻撃で、2秒間移動速度が20増加する。敵をキルした場合、移動速度は60増加する。遠隔チャンピオンの場合、この増加移動速度は半分になる。
モレロノミコン,3165,"{'AbilityPower': '80', 'Health': '300'}",[],{'MagicPenetration': '15'},['自動効果(重複不可) - 呪いの攻撃:チャンピオンに魔法ダメージを与えると3秒間「重傷」を付与する。'], <stats>魔力 +80<br>体力 +300</stats><br><br><unique>自動効果(重複不可) - 死の接触:</unique> <a href='FlatMagicPen'>魔法防御貫通</a> +15<br><unique>自動効果(重複不可) - 呪いの攻撃:</unique> チャンピオンに魔法ダメージを与えると3秒間<a href='GrievousWounds'>「重傷」</a>を付与する。
ムラマナ,3043,"{'AttackDamage': '25', 'Mana': '1000'}",[],{},"['自動効果(重複不可) - 畏怖:最大マナの2%に等しい攻撃力ボーナスを得る。消費したマナの15%を回復する。', '自動効果(重複不可) - ショック:チャンピオンに対する単体対象のスキルと攻撃の命中時に現在のマナの3%を消費して、その消費マナ量の2倍に等しい追加物理ダメージを与える。']", <stats>攻撃力 +25<br><mana>マナ +1000</mana></stats><br><br><mana><unique>自動効果(重複不可) - 畏怖:</unique> 最大マナの2%に等しい攻撃力ボーナスを得る。消費したマナの15%を回復する。<br><unique>自動効果(重複不可) - ショック:</unique> <font color='#FFFFFF'>チャンピオン</font>に対する単体対象のスキルと攻撃の命中時に現在のマナの3%を消費して、その消費マナ量の2倍に等しい追加物理ダメージを与える。<br><br>マナが最大値の20%以下だった場合はこの効果は発動しない。</mana>
ルーデンエコー,3285,"{'AbilityPower': '90', 'Mana': '500', 'CooldownReduction': '10'}",[],{},"['自動効果(重複不可) - 素早さ:このアイテムが追加で10%のクールダウン短縮を獲得。', '自動効果(重複不可) - エコー:移動とスキル使用によりチャージを溜める。チャージが100溜まると、次に発動するダメージスキルは命中時に全チャージを消費して最大4体の対象に100(魔力の10%)の追加魔法ダメージを与える。']", <stats>魔力 +90<br><mana>マナ +500</mana><br>クールダウン短縮 +10%</stats><br><br><unique>自動効果(重複不可) - 素早さ:</unique> このアイテムが追加で10%のクールダウン短縮を獲得。<br><unique>自動効果(重複不可) - エコー:</unique> 移動とスキル使用によりチャージを溜める。チャージが100溜まると、次に発動するダメージスキルは命中時に全チャージを消費して最大4体の対象に100(魔力の10%)の追加魔法ダメージを与える。
ムラマナ,3042,"{'AttackDamage': '25', 'Mana': '1000'}",[],{},"['自動効果(重複不可) - 畏怖:最大マナの2%に等しい攻撃力ボーナスを得る。消費したマナの15%を回復する。', '自動効果(重複不可) - ショック:チャンピオンに対する単体対象のスキルと攻撃の命中時に現在のマナの3%を消費して、その消費マナ量の2倍に等しい追加物理ダメージを与える。']", <stats>攻撃力 +25<br><mana>マナ +1000</mana></stats><br><br><mana><unique>自動効果(重複不可) - 畏怖:</unique> 最大マナの2%に等しい攻撃力ボーナスを得る。消費したマナの15%を回復する。<br><unique>自動効果(重複不可) - ショック:</unique> <font color='#FFFFFF'>チャンピオン</font>に対する単体対象のスキルと攻撃の命中時に現在のマナの3%を消費して、その消費マナ量の2倍に等しい追加物理ダメージを与える。<br><br>マナが最大値の20%以下だった場合はこの効果は発動しない。</mana>
メジャイ・ソウルスティーラー,3041,"{'AbilityPower': '20', 'Mana': '200'}",[],{},"['自動効果(重複不可) - ドレッド:栄光1スタックごとに5の魔力を得る。栄光スタックが15以上になると、移動速度が10%増加する。', '自動効果(重複不可) - デスゲーム:チャンピオンをキルすると4、アシストすると2の栄光スタック (最大25) を得る。デスすると10スタックを失う。']", <stats>魔力 +20<br><mana>マナ +200</mana></stats><br><br><unique>自動効果(重複不可) - ドレッド:</unique> 栄光1スタックごとに5の魔力を得る。栄光スタックが15以上になると、移動速度が10%増加する。<br><unique>自動効果(重複不可) - デスゲーム:</unique> チャンピオンをキルすると4、アシストすると2の栄光スタック (最大25) を得る。デスすると10スタックを失う。
セラフ・エンブレイス,3040,"{'AbilityPower': '50', 'Mana': '1400', 'CooldownReduction': '10'}",['発動効果(重複不可) - マナシールド:現在のマナの15%を消費して2秒間持続するシールドを得る。シールドは150と消費マナ分を合わせた耐久値を持つ(クールダウン120秒)。'],{},"['自動効果(重複不可) - 素早さ:このアイテムが追加で10%のクールダウン短縮を獲得。', '自動効果(重複不可) - 畏怖:最大マナの3%に等しい魔力を得る。消費マナの25%を回復。']", <stats>魔力 +50<br><mana>マナ +1400</mana><br>クールダウン短縮 +10%</stats><br><br><unique>自動効果(重複不可) - 素早さ:</unique> このアイテムが追加で10%のクールダウン短縮を獲得。<br><mana><unique>自動効果(重複不可) - 畏怖:</unique> 最大マナの3%に等しい魔力を得る。消費マナの25%を回復。</mana><br><active>発動効果(重複不可) - マナシールド:</active> 現在のマナの15%を消費して2秒間持続するシールドを得る。シールドは150と消費マナ分を合わせた耐久値を持つ(クールダウン120秒)。
スカーミッシュセイバー,3715,{},['自動効果 - チャレンジ・スマイト:「スマイト」で敵チャンピオンを攻撃できる。マークすると4秒間可視化し、通常攻撃すると3秒かけて追加確定ダメージを与える。また、その対象から受けるダメージを20%軽減する。'],{},['自動効果(重複不可) - トゥース/クロウ:モンスターに通常攻撃すると@Effect2Amount@の追加ダメージを与え、@Effect11Amount@秒間攻撃速度を@Effect12Amount@%増加。モンスターに通常攻撃またはダメージスキルが当たると@Effect1Amount@体力を@Effect4Amount@秒かけて奪い、燃やして@Effect13Amount@魔法ダメージを与える。モンスターを倒すと特別経験値を獲得。'], <groupLimit>所持できるジャングラー専用アイテムは1つのみ。</groupLimit><br><br><stats>対モンスターライフスティール +10%<br><mana>ジャングル内での基本マナ自動回復 +225%</mana></stats><br><br><passive>自動効果 - チャレンジ・スマイト:</passive> 「スマイト」で敵チャンピオンを攻撃できる。マークすると4秒間可視化し、通常攻撃すると3秒かけて追加確定ダメージを与える。また、その対象から受けるダメージを20%軽減する。<br><unique>自動効果(重複不可) - トゥース/クロウ:</unique>モンスターに通常攻撃すると@Effect2Amount@の追加ダメージを与え、@Effect11Amount@秒間攻撃速度を@Effect12Amount@%増加。モンスターに通常攻撃またはダメージスキルが当たると@Effect1Amount@体力を@Effect4Amount@秒かけて奪い、燃やして@Effect13Amount@魔法ダメージを与える。モンスターを倒すと<font color='#99BBBB'><a href='SpecialJungleExperience'>特別経験値</a></font>を獲得。
エンチャント: ルーンエコー,1414,"{'AbilityPower': '60', 'PercentMovementSpeed': '7'}",[],{},['自動効果(重複不可) - エコー:移動およびスキル使用によりチャージを溜めることができる。チャージが100溜まると、次に発動する攻撃スキルは命中時に全チャージを消費して、最大4体の対象に60 (魔力の10%) の追加魔法ダメージを与える。'], <stats>魔力 +60<br>移動速度 +7%</stats><br><br><unique>自動効果(重複不可) - エコー:</unique> 移動およびスキル使用によりチャージを溜めることができる。チャージが100溜まると、次に発動する攻撃スキルは命中時に全チャージを消費して、最大4体の対象に60 (+魔力の10%) の追加魔法ダメージを与える。<br><br>この効果は大型モンスターに250%のダメージを与える。この効果が大型モンスターに命中すると、自身が失ったマナの25%が回復する。
エンチャント: シンダーハルク,1413,{'Health': '300'},[],{},['自動効果(重複不可) - 猛火:戦闘中、周囲の敵に毎秒11(1 x チャンピオンのレベル)の魔法ダメージを与える。ミニオンと中立モンスターに対しては200%の追加ダメージを与える。'], <stats>体力 +300<br>体力増加分 +15%</stats><br><br><unique>自動効果(重複不可) - 猛火:</unique> 戦闘中、周囲の敵に毎秒11(+1 x チャンピオンのレベル)の魔法ダメージを与える。ミニオンと中立モンスターに対しては200%の追加ダメージを与える。
エンチャント: ウォリアー,1412,"{'AttackDamage': '60', 'CooldownReduction': '10'}",[],{},[], <stats>攻撃力 +60<br>クールダウン短縮 +10%</stats>
アイオニアブーツ,3158,{},[],"{'CooldownReduction': '10', 'FlatMovementSpeed': '45'}",['自動効果(重複不可):サモナースペルのクールダウン短縮10%'], <groupLimit>ブーツの所持上限は1。</groupLimit><br><br><unique>自動効果(重複不可):</unique> クールダウン短縮 +10%<br><unique>自動効果(重複不可) - 移動速度強化:</unique> 移動速度 +45<br><unique>自動効果(重複不可):</unique> サモナースペルのクールダウン短縮10%<br><br><br><rules><font color='#FDD017'>「このアイテムはCLE 20年12月10日、南方諸州の領有権をめぐる再戦において、アイオニアがノクサスに対して収めた勝利を称えるものである」</font></rules>
ドミニクリガード,3036,{'AttackDamage': '50'},[],{},"['自動効果(重複不可) - ジャイアントスレイヤー:自身より最大体力の多い敵チャンピオンに対し、物理ダメージが最大で 20%増加する (体力差200につき 2%、体力差2000にて効果最大)。', '自動効果(重複不可) - ラストウィスパー:物理防御増加分貫通 35%']", <stats>攻撃力 +50</stats><br><br><unique>自動効果(重複不可) - ジャイアントスレイヤー:</unique> 自身より最大体力の多い敵チャンピオンに対し、物理ダメージが最大で +20%増加する (体力差200につき +2%、体力差2000にて効果最大)。<br><unique>自動効果(重複不可) - ラストウィスパー:</unique> <a href='BonusArmorPen'>物理防御増加分貫通</a> +35%
ゾーニャの砂時計,3157,"{'AbilityPower': '70', 'Armor': '45', 'CooldownReduction': '10'}",['発動効果(重複不可) - 固有時停止:2.5秒間自身が無敵状態になり、対象指定されない。この間、自身は移動、攻撃、スキルやアイテムの使用など、一切の行動ができなくなる(クールダウン120秒)。'],{},[], <stats>魔力 +70<br>物理防御 +45<br>クールダウン短縮 +10% </stats><br><br><active>発動効果(重複不可) - 固有時停止:</active> 2.5秒間自身が無敵状態になり、対象指定されない。この間、自身は移動、攻撃、スキルやアイテムの使用など、一切の行動ができなくなる(クールダウン120秒)。
エンチャント: ブラッドレイザー,1419,{'AttackSpeed': '50'},[],{},['自動効果(重複不可):通常攻撃の命中時に、標的の最大体力の4%の追加物理ダメージを与える(中立モンスター/ミニオンに対しては最大75)。'], <stats>攻撃速度 +50%</stats><br><br><unique>自動効果(重複不可):</unique> 通常攻撃の命中時に、標的の最大体力の4%の追加物理ダメージを与える(中立モンスター/ミニオンに対しては最大75)。
エンチャント: ブラッドレイザー,1416,{'AttackSpeed': '50'},[],{},['自動効果(重複不可):通常攻撃の命中時に、標的の最大体力の4%の追加物理ダメージを与える(中立モンスター/ミニオンに対しては最大75)。'], <stats>攻撃速度 +50%</stats><br><br><unique>自動効果(重複不可):</unique> 通常攻撃の命中時に、標的の最大体力の4%の追加物理ダメージを与える(中立モンスター/ミニオンに対しては最大75)。
シーン,3057,"{'Mana': '250', 'CooldownReduction': '10'}",[],{},['自動効果(重複不可) - 追撃:スキルを使った後、次の通常攻撃の命中時に、基本攻撃力の100%に等しい追加物理ダメージを得る (クールダウン1.5秒)'], <stats><mana>マナ +250</mana><br>クールダウン短縮 +10%</stats><br><br><unique>自動効果(重複不可) - 追撃:</unique> スキルを使った後、次の通常攻撃の命中時に、基本攻撃力の100%に等しい追加物理ダメージを得る (クールダウン1.5秒)
オームレッカー,3056,"{'Health': '300', 'Armor': '50', 'HealthRegeneration': '150', 'CooldownReduction': '10'}",['発動効果(重複不可):周囲の敵タワーは3秒間攻撃できなくなる(クールダウン120秒)。同じタワーに対しては8秒に1回しか発動しない。'],{},['自動効果(重複不可) - ポイントランナー:タワー(破壊されたものを含む)および「ヴォイドゲート」付近では、2秒かけて移動速度が最大20%まで徐々に増加する。'], <stats>体力 +300<br>物理防御 +50<br>基本体力自動回復 +150%<br>クールダウン短縮 +10%</stats><br><br><active>発動効果(重複不可):</active> 周囲の敵タワーは3秒間攻撃できなくなる(クールダウン120秒)。同じタワーに対しては8秒に1回しか発動しない。<br><br><unique>自動効果(重複不可) - ポイントランナー:</unique> タワー(破壊されたものを含む)および「ヴォイドゲート」付近では、2秒かけて移動速度が最大20%まで徐々に増加する。
カ＝ジックスの首,3175,{},"['トロフィー3個:レンガーは非戦闘時または茂みの中にいる時に移動速度が25増加する。', 'トロフィー6個:レンガーの跳躍の有効距離が125伸びる。', 'トロフィー12個:「狩猟本能」の持続時間が5秒延びる。', 'トロフィー20個:レンガーはステルス行動中に「狩猟本能」の増加移動速度を得る。']",{},"['発動効果(重複不可) - 骨牙のトーテム:ステルスワード1個を設置する。これは180秒間持続する(クールダウン90秒)。マップ上で同時に置けるステルスのワードは、プレイヤー1人につき3個まで。', '自動効果(重複不可) - 狩りの戦利品:レンガはチャンピオンを倒すたびにトロフィー1個を得る。集めたトロフィーの数に応じて追加効果が発生する。トロフィーはキルでもアシストでも獲得できる。']", <unique>発動効果(重複不可) - 骨牙のトーテム:</unique> ステルスワード1個を設置する。これは180秒間持続する(クールダウン90秒)。マップ上で同時に置けるステルスのワードは、プレイヤー1人につき3個まで。<br><br><unique>自動効果(重複不可) - 狩りの戦利品:</unique> レンガはチャンピオンを倒すたびにトロフィー1個を得る。集めたトロフィーの数に応じて追加効果が発生する。トロフィーはキルでもアシストでも獲得できる。<br><br><passive>トロフィー3個:</passive> レンガーは非戦闘時または茂みの中にいる時に移動速度が25増加する。<br><passive>トロフィー6個:</passive> レンガーの跳躍の有効距離が125伸びる。<br><passive>トロフィー12個:</passive> 「狩猟本能」の持続時間が5秒延びる。<br><passive>トロフィー20個:</passive> レンガーはステルス行動中に「狩猟本能」の増加移動速度を得る。
ステラックの篭手,3053,{'Health': '450'},[],{},"['自動効果(重複不可):基本攻撃力 50%', '自動効果(重複不可) - ライフライン: 5秒以内に400 - 1800ダメージ(レベルに比例)以上受けると、増加体力の75%分のシールドを獲得する。0.75秒後、このシールドは3秒間かけて減衰する(クールダウン60秒)。']", <stats>体力 +450</stats><br><br><unique>自動効果(重複不可):</unique> 基本攻撃力 +50%<br><unique>自動効果(重複不可) - ライフライン: </unique>5秒以内に400 - 1800ダメージ(レベルに比例)以上受けると、増加体力の75%分のシールドを獲得する。0.75秒後、このシールドは3秒間かけて減衰する(クールダウン60秒)。<br><br><unlockedPassive>ステラックの憤怒:</unlockedPassive> 「ライフライン」発動時に巨大化して、30%の行動妨害耐性を獲得する。効果時間は8秒間。
アテネの血杯,3174,"{'AbilityPower': '30', 'MagicResistance': '30', 'CooldownReduction': '10', 'ManaRegeneration': '100'}",[],{},"['自動効果(重複不可):敵チャンピオンにダメージを与えた際に、', '自動効果(重複不可) - 不和:自身の基本マナ自動回復25%毎に魔力5を獲得する。自身が所有する他のアイテムの', '調和は無効化される。']", <stats>魔力 +30<br>魔法防御 +30<br>クールダウン短縮 +10%<br><mana>基本マナ自動回復 +100%</mana></stats><br><br><unique>自動効果(重複不可):</unique> 敵チャンピオンにダメージを与えた際に、<a href='premitigation'><font color='#6666FF'><u>軽減前ダメージ</u></font></a>(その対象の防御ステータスを無視した場合に与え得た数値)の25%分をブラッドチャージとして最大<scaleLevel>100 - 250</scaleLevel>獲得する。味方へ回復またはシールドを付与すると、その回復量またはシールド量の100%にあたる量のブラッドチャージを消費して、その味方の体力を同量だけ追加で回復する。<br><unique>自動効果(重複不可) - 不和:</unique> 自身の基本マナ自動回復25%毎に魔力5を獲得する。自身が所有する他のアイテムの<unique>調和</unique>は無効化される。<br><br><rules>(ブラッドチャージの最大チャージ数はレベルによって変化する。追加回復量は既存回復量の合計値に上乗せされる。)</rules>
ジャウリムフィスト,3052,"{'AttackDamage': '15', 'Health': '200'}",[],{},['自動効果(重複不可) :ユニット1体をキルするごとに最大体力が5増加する。このボーナスは最大20回までスタックする。'], <stats>攻撃力 +15<br>体力 +200</stats><br><br><unique>自動効果(重複不可) :</unique> ユニット1体をキルするごとに最大体力が5増加する。このボーナスは最大20回までスタックする。
ジークコンバージェンス,3050,"{'Armor': '60', 'MagicResistance': '30', 'Mana': '250', 'CooldownReduction': '10'}",['発動効果(重複不可) - パイプ:味方と自身を神秘のパイプでつなぐ(その味方が他の誰かとパイプでつながっていない場合のみ)。'],{},['自動効果(重複不可):味方の近くでアルティメットスキルを発動すると、自身は氷の嵐に包まれ、味方の通常攻撃は燃え上がる。効果時間は10秒。氷の嵐の内部にいる敵ユニットは移動速度が20%低下し、味方の攻撃は対象を燃やして、2秒かけて50%の追加魔法ダメージを与える(クールダウン45秒)。'], <stats>物理防御 +60<br>魔法防御 +30<br><mana>マナ +250</mana><br>クールダウン短縮 +10%</stats><br><mainText><active>発動効果(重複不可) - パイプ:</active> 味方と自身を神秘のパイプでつなぐ(その味方が他の誰かとパイプでつながっていない場合のみ)。<br><unique>自動効果(重複不可):</unique> 味方の近くでアルティメットスキルを発動すると、自身は氷の嵐に包まれ、味方の通常攻撃は燃え上がる。効果時間は10秒。氷の嵐の内部にいる敵ユニットは移動速度が20%低下し、味方の攻撃は対象を燃やして、2秒かけて50%の追加魔法ダメージを与える(クールダウン45秒)。<br><br><unlockedPassive>氷炎の盟約:</unlockedPassive> 氷の嵐は燃えている敵ユニットにスロウ効果を与えると発火して、3秒間、毎秒40の魔法ダメージを敵に与え、移動速度を40%低下させる。</maintext><br><br><rules>(「ジークコンバージェンス」は同時に1人の味方チャンピオンしかリンクできない。)</rules>
セラフ・エンブレイス,3048,"{'AbilityPower': '50', 'Mana': '1400', 'CooldownReduction': '10'}",['発動効果(重複不可) - マナシールド:現在のマナの15%を消費して2秒間持続するシールドを得る。シールドは150と消費マナ分を合わせた耐久値を持つ(クールダウン120秒)。'],{},"['自動効果(重複不可) - 素早さ:このアイテムが追加で10%のクールダウン短縮を獲得。', '自動効果(重複不可) - 畏怖:最大マナの3%に等しい魔力を得る。消費マナの25%を回復。']", <stats>魔力 +50<br><mana>マナ +1400</mana><br>クールダウン短縮 +10%</stats><br><br><unique>自動効果(重複不可) - 素早さ:</unique> このアイテムが追加で10%のクールダウン短縮を獲得。<br><mana><unique>自動効果(重複不可) - 畏怖:</unique> 最大マナの3%に等しい魔力を得る。消費マナの25%を回復。</mana><br><active>発動効果(重複不可) - マナシールド:</active> 現在のマナの15%を消費して2秒間持続するシールドを得る。シールドは150と消費マナ分を合わせた耐久値を持つ(クールダウン120秒)。
忍者足袋,3047,{'Armor': '30'},[],{'FlatMovementSpeed': '45'},['自動効果(重複不可):通常攻撃のダメージの10%をブロックする。'], <groupLimit>ブーツの所持上限は1。</groupLimit><br><br><stats>物理防御 +30</stats><br><br><unique>自動効果(重複不可):</unique> 通常攻撃のダメージの10%をブロックする。<br><unique>自動効果(重複不可) - 移動速度強化: </unique>移動速度 +45
統率の旗,3060,"{'Armor': '60', 'MagicResistance': '30', 'HealthRegeneration': '125', 'CooldownReduction': '10'}",['発動効果(重複不可) - 昇格:レーン上のミニオンを大幅に強化し、受ける魔法ダメージを無効化する(クールダウン120秒)。'],{},['自動効果(重複不可) - ポイントランナー:タワー(破壊されたものを含む)および「ヴォイドゲート」付近では、2秒かけて、移動速度が最大20%まで徐々に増加していく。'], <stats>物理防御 +60<br>魔法防御 +30<br>基本体力自動回復 +125%<br>クールダウン短縮 +10%</stats><br><br><active>発動効果(重複不可) - 昇格:</active> レーン上のミニオンを大幅に強化し、受ける魔法ダメージを無効化する(クールダウン120秒)。<br><unique>自動効果(重複不可) - ポイントランナー:</unique> タワー(破壊されたものを含む)および「ヴォイドゲート」付近では、2秒かけて、移動速度が最大20%まで徐々に増加していく。
サンファイア・ケープ,3068,"{'Health': '425', 'Armor': '60'}",[],{},['自動効果(重複不可) - 猛火:周囲の敵に毎秒25  (1 x チャンピオンのレベル) の魔法ダメージを与える。ミニオンとモンスターには50%の追加ダメージを与える。'], <stats>体力 +425<br>物理防御 +60</stats><br><br><unique>自動効果(重複不可) - 猛火:</unique> 周囲の敵に毎秒25 + (1 x チャンピオンのレベル) の魔法ダメージを与える。ミニオンとモンスターには50%の追加ダメージを与える。
キンドルジェム,3067,{'Health': '200'},[],{'CooldownReduction': '10'},[], <stats>体力 +200 </stats><br><br><unique>自動効果(重複不可) :</unique> クールダウン短縮 +10%
スピリットビサージュ,3065,"{'Health': '450', 'MagicResistance': '55', 'HealthRegeneration': '100', 'CooldownReduction': '10'}",[],{},['自動効果(重複不可):自身に対するすべての回復効果が30%増加。'], <stats>体力 +450<br>魔法防御 +55<br>基本体力自動回復 +100%<br>クールダウン短縮 +10%</stats><br><br><unique>自動効果(重複不可):</unique> 自身に対するすべての回復効果が30%増加。
ミニオン吸収装置,2403,{},[],{},[], <consumable>クリックで使用:</consumable> 指定したレーンミニオンを倒す(射程550、クールダウン10秒)。
ブラック・クリーバー,3071,"{'Health': '400', 'AttackDamage': '40', 'CooldownReduction': '20'}",[],{},"['自動効果(重複不可) :敵チャンピオンに物理ダメージを与えると相手にクリーブを与え、6秒間、物理防御を4%減少させる (最大で6回、24%までスタックする)。', '自動効果(重複不可) - 疾駆:物理ダメージを与えると、2秒間、移動速度が20増加する。クリーブを受けた敵チャンピオンからアシストを獲得するか、いずれかのユニットをキルすると、代わりに2秒間、移動速度が60増加する。遠隔チャンピオンの場合は、増加する移動速度が半分になる。']", <stats>体力 +400<br>攻撃力 +40<br>クールダウン短縮 +20%</stats><br><br><unique>自動効果(重複不可) :</unique> 敵チャンピオンに物理ダメージを与えると相手にクリーブを与え、6秒間、物理防御を4%減少させる (最大で6回、24%までスタックする)。<br><unique>自動効果(重複不可) - 疾駆:</unique> 物理ダメージを与えると、2秒間、移動速度が20増加する。クリーブを受けた敵チャンピオンからアシストを獲得するか、いずれかのユニットをキルすると、代わりに2秒間、移動速度が60増加する。遠隔チャンピオンの場合は、増加する移動速度が半分になる。
女神の涙,3070,{'Mana': '250'},[],{},"['自動効果(重複不可) - 畏怖:消費マナの15%を回復。', '自動効果(重複不可) - マナチャージ:マナ消費ごとに最大マナが4増加(12秒につき最大3回まで)。']", <stats><mana>マナ +250</mana></stats><br><br><mana><unique>自動効果(重複不可) - 畏怖:</unique> 消費マナの15%を回復。<br><unique>自動効果(重複不可) - マナチャージ:</unique> マナ消費ごとに最大マナが4増加(12秒につき最大3回まで)。<br><br>最大750マナ</mana>
シーカー・アームガード,3191,"{'Armor': '30', 'AbilityPower': '20'}",[],{},['自動効果(重複不可):ユニット1体をキルするごとに物理防御と魔力がそれぞれ0.5増加する。この効果は最大30回までスタックする。'], <stats>物理防御 +30<br>魔力 +20</stats><br><br><unique>自動効果(重複不可):</unique> ユニット1体をキルするごとに物理防御と魔力がそれぞれ0.5増加する。この効果は最大30回までスタックする。
ソラリのロケット,3190,"{'Armor': '30', 'MagicResistance': '60'}",['発動効果(重複不可):周囲の味方に徐々に減少するシールドを付与する。シールドは2.5秒間持続し、耐久値は最大38(+22xレベル)'],{},[], <stats>物理防御 +30<br>魔法防御 +60</stats><br><br><active>発動効果(重複不可):</active> 周囲の味方に徐々に減少するシールドを付与する。シールドは2.5秒間持続し、耐久値は最大38(+22xレベル)<scaleHealth>(+自身の増加体力の2% - 36%)</scaleHealth>となる(クールダウン90秒)。<br><br><rules>シールド耐久値のレベルは自身または対象のどちらか高い方となる。<br>シールド反映率はレベルに応じて増加。<br>対象が8秒以内に別のソラリのロケット効果を受けていた場合、シールド耐久値が50%まで減少。</rules>
トリニティ・フォース,3078,"{'Health': '250', 'Mana': '250', 'AttackDamage': '25', 'AttackSpeed': '40', 'CooldownReduction': '20', 'PercentMovementSpeed': '5'}",[],{},"['自動効果(重複不可) - 疾駆:通常攻撃をすると移動速度が20増加する。効果は2秒間。キルすると移動速度が60増加する。遠隔チャンピオンの場合、この増加移動速度は半分になる。', '自動効果(重複不可) - 追撃: スキル使用後、次の通常攻撃の命中時に基本攻撃力の200%に等しい追加物理ダメージを与える (クールダウン1.5秒)。']", <stats>体力 +250<br><mana>マナ +250 </mana><br>攻撃力 +25<br>攻撃速度 +40%<br>クールダウン短縮 +20%<br>移動速度 +5%</stats><br><br><unique>自動効果(重複不可) - 疾駆:</unique> 通常攻撃をすると移動速度が20増加する。効果は2秒間。キルすると移動速度が60増加する。遠隔チャンピオンの場合、この増加移動速度は半分になる。<br><unique>自動効果(重複不可) - 追撃: </unique>スキル使用後、次の通常攻撃の命中時に基本攻撃力の200%に等しい追加物理ダメージを与える (クールダウン1.5秒)。
ティアマット,3077,"{'AttackDamage': '25', 'HealthRegeneration': '50'}",['発動効果(重複不可) - 三日月:合計攻撃力の60% - 100%を物理ダメージとして周囲の敵ユニットに与える (対象の近くにいる敵ほど受けるダメージが大きくなる) (クールダウン10秒)。'],{},['自動効果(重複不可) - なぎ払い:通常攻撃の命中時、対象の周囲の敵に合計攻撃力の20% - 60%の追加物理ダメージを与える (対象に近い敵ほど受けるダメージが大きくなる)。'], <stats>攻撃力 +25<br>基本体力自動回復 +50%  </stats><br><br><unique>自動効果(重複不可) - なぎ払い:</unique> 通常攻撃の命中時、対象の周囲の敵に合計攻撃力の20% - 60%の追加物理ダメージを与える (対象に近い敵ほど受けるダメージが大きくなる)。<br><active>発動効果(重複不可) - 三日月:</active> 合計攻撃力の60% - 100%を物理ダメージとして周囲の敵ユニットに与える (対象の近くにいる敵ほど受けるダメージが大きくなる) (クールダウン10秒)。
パーフェクト・ヘクスコア,3198,{},[],{},['自動効果(重複不可) - グロリアス・エヴォリューション:ビクターの力が最高潮にまで達し、通常の呪文に加え「カオスストーム」もアップグレードできる。'], <stats>魔力 + (10xレベル)<br>マナ + (25xレベル)</stats><br><br><unique>自動効果(重複不可) - グロリアス・エヴォリューション:</unique> ビクターの力が最高潮にまで達し、通常の呪文に加え「カオスストーム」もアップグレードできる。
ブランブルベスト,3076,{'Armor': '35'},[],{},['自動効果(重複不可) - 棘:通常攻撃を受けると3自身の増加物理防御の10%の魔法ダメージを攻撃者に跳ね返し、1秒間「重傷」を与える。'], <stats>物理防御 +35</stats><br><br><unique>自動効果(重複不可) - 棘:</unique> 通常攻撃を受けると3+自身の増加物理防御の10%の魔法ダメージを攻撃者に跳ね返し、1秒間<a href='GrievousWounds'>「重傷」</a>を与える。
ヘクスコアMK-2,3197,{},[],{},['自動効果(重複不可) - スキル増強:ビクターは基本スキルのうち1つをアップグレードできる。'], <stats>魔力 + (6xレベル)<br>マナ + (20xレベル)</stats><br><br><unique>自動効果(重複不可) - スキル増強:</unique> ビクターは基本スキルのうち1つをアップグレードできる。
ソーンメイル,3075,"{'Health': '250', 'Armor': '80'}",[],{},"['自動効果(重複不可) - 棘:通常攻撃を受けると、自身の増加物理防御の10%  25に相当する魔法ダメージを攻撃者に跳ね返し、1秒間「重傷」を与える。', '自動効果(重複不可) - 冷たい鋼:通常攻撃を受けた際、攻撃者の攻撃速度を15%低下させる。効果は1秒間持続する。']", <stats>体力 +250<br>物理防御 +80</stats><br><br><unique>自動効果(重複不可) - 棘:</unique> 通常攻撃を受けると、自身の増加物理防御の10% + 25に相当する魔法ダメージを攻撃者に跳ね返し、1秒間<a href='GrievousWounds'>「重傷」</a>を与える。<br><unique>自動効果(重複不可) - 冷たい鋼:</unique> 通常攻撃を受けた際、攻撃者の攻撃速度を15%低下させる。効果は1秒間持続する。
ヘクスコアMK-1,3196,{},[],{},['自動効果(重複不可) - スキル増強:ビクターは基本スキルのうち1つをアップグレードできる。'], <stats>魔力 + (3xレベル)<br>マナ + (15xレベル)</stats><br><br><unique>自動効果(重複不可) - スキル増強:</unique> ビクターは基本スキルのうち1つをアップグレードできる。
ラヴァナス・ハイドラ,3074,"{'AttackDamage': '80', 'HealthRegeneration': '100', 'LifeSteal': '12'}","['発動効果(重複不可) - 三日月:合計攻撃力の60%〜100%の物理ダメージを周囲の敵ユニットに与える (近い敵ほど受けるダメージが大きくなる) (クールダウン10秒)。', '自動効果:このアイテムが与えたダメージにはライフスティールの50%が適用される。']",{},['自動効果(重複不可) - なぎ払い:通常攻撃の命中時、対象の周囲の敵に合計攻撃力の20%〜60%の追加物理ダメージを与える (対象に近い敵ほど受けるダメージが大きくなる)。'], <stats>攻撃力 +80<br>基本体力自動回復 +100% <br>ライフスティール +12%</stats><br><br><passive>自動効果:</passive> このアイテムが与えたダメージにはライフスティールの50%が適用される。<br><unique>自動効果(重複不可) - なぎ払い:</unique> 通常攻撃の命中時、対象の周囲の敵に合計攻撃力の20%〜60%の追加物理ダメージを与える (対象に近い敵ほど受けるダメージが大きくなる)。<br><active>発動効果(重複不可) - 三日月:</active> 合計攻撃力の60%〜100%の物理ダメージを周囲の敵ユニットに与える (近い敵ほど受けるダメージが大きくなる) (クールダウン10秒)。
女神の涙(クイックチャージ),3073,{'Mana': '250'},[],{},"['自動効果(重複不可) - 畏怖:消費マナの15%を回復。', '自動効果(重複不可) - マナチャージ:マナ消費ごとに最大マナが6増加(12秒につき最大3回まで)。']", <stats><mana>マナ +250</mana></stats><br><br><mana><unique>自動効果(重複不可) - 畏怖:</unique> 消費マナの15%を回復。<br><unique>自動効果(重複不可) - マナチャージ:</unique> マナ消費ごとに最大マナが6増加(12秒につき最大3回まで)。<br><br>最大750マナ</mana>
アダプティブヘルム,3194,"{'Health': '350', 'MagicResistance': '55', 'HealthRegeneration': '100', 'CooldownReduction': '10'}",[],{},['自動効果(重複不可):スキルまたはアイテムによる効果などから魔法ダメージを受けると、4秒間、同じスキルまたはアイテムによる効果などから受ける魔法ダメージを20%減少させる。'], <stats>体力 +350<br>魔法防御 +55<br>基本体力自動回復 +100%<br>クールダウン短縮 +10%</stats><br><br><unique>自動効果(重複不可):</unique> スキルまたはアイテムによる効果などから魔法ダメージを受けると、4秒間、同じスキルまたはアイテムによる効果などから受ける魔法ダメージを20%減少させる。
ブラッドサースター,3072,{'AttackDamage': '80'},[],{'LifeSteal': '20'},['自動効果(重複不可) :通常攻撃で最大体力を超えて回復できる。体力回復の余剰分は、50〜350ダメージ (チャンピオンのレベルに比例) の耐久値を持つシールドとして蓄積される。'], <stats>攻撃力 +80</stats><br><br><unique>自動効果(重複不可) :</unique> ライフスティール +20%<br><unique>自動効果(重複不可) :</unique> 通常攻撃で最大体力を超えて回復できる。体力回復の余剰分は、50〜350ダメージ (チャンピオンのレベルに比例) の耐久値を持つシールドとして蓄積される。<br><br>このシールドは、非戦闘状態が25秒間続くと、徐々に減少する。
ガーゴイルストーンプレート,3193,"{'Armor': '40', 'MagicResistance': '40'}",['発動効果(重複不可) - 金属化:体力が40%増加してチャンピオンのサイズが拡大する。ただし、与えるダメージが60%減少する。効果時間は4秒(クールダウン92秒)。「岩の皮膚」が有効な場合は、体力増加量が100%になる。'],{},['自動効果(重複不可) - 岩の皮膚:周囲に3体以上の敵チャンピオンがいると物理防御と魔法防御が40増加する。'], <stats>物理防御 +40<br>魔法防御 +40</stats></stats><br><br><unique>自動効果(重複不可) - 岩の皮膚:</unique> 周囲に3体以上の敵チャンピオンがいると物理防御と魔法防御が40増加する。<br><active>発動効果(重複不可) - 金属化:</active> 体力が40%増加してチャンピオンのサイズが拡大する。ただし、与えるダメージが60%減少する。効果時間は4秒(クールダウン92秒)。「岩の皮膚」が有効な場合は、体力増加量が100%になる。
タイタン・ハイドラ,3748,"{'Health': '450', 'AttackDamage': '40', 'HealthRegeneration': '100'}",['発動効果(重複不可) - 三日月:次の通常攻撃で、扇状範囲が拡大され、内側にいるすべての敵に対し与える「なぎ払い」のダメージが40+自身の最大体力の10%に相当する追加物理ダメージに増加する(クールダウン20秒)。'],{},['自動効果(重複不可) - なぎ払い:通常攻撃で、命中時に対象に対し5自身の最大体力の1%に相当する追加物理ダメージを与え、扇状範囲内にいるその他の敵に対し40自身の最大体力の2.5%に相当する物理ダメージを与える。'], <stats>体力 +450<br>攻撃力 +40<br>基本体力自動回復 +100%</stats><br><br><unique>自動効果(重複不可) - なぎ払い:</unique> 通常攻撃で、命中時に対象に対し5+自身の最大体力の1%に相当する追加物理ダメージを与え、扇状範囲内にいるその他の敵に対し40+自身の最大体力の2.5%に相当する物理ダメージを与える。<br><active>発動効果(重複不可) - 三日月:</active> 次の通常攻撃で、扇状範囲が拡大され、内側にいるすべての敵に対し与える「なぎ払い」のダメージが40+自身の最大体力の10%に相当する追加物理ダメージに増加する(クールダウン20秒)。<br><br><rules>(同名の自動効果(重複不可)はスタックしない。)</rules>
アーデントセンサー,3504,"{'AbilityPower': '60', 'CooldownReduction': '10', 'ManaRegeneration': '50'}",[],"{'HealAndShieldPower': '10', 'PercentMovementSpeed': '8'}",['自動効果(重複不可):味方チャンピオンに回復またはシールドを付与すると、自身とその味方チャンピオンは6秒間攻撃速度が10% - 30%増加し、さらに自身が通常攻撃時に5 - 20の追加魔法ダメージを与える。'], <stats>魔力 +60<br>クールダウン短縮 +10%<br><mana>基本マナ自動回復 +50%</mana></stats><br><br><unique>自動効果(重複不可):</unique> 回復効果およびシールド量 +10%<br><unique>自動効果(重複不可):</unique> 移動速度 +8%<br><unique>自動効果(重複不可):</unique> 味方チャンピオンに回復またはシールドを付与すると、自身とその味方チャンピオンは6秒間攻撃速度が10% - 30%増加し、さらに自身が通常攻撃時に5 - 20の追加魔法ダメージを与える。<br><br><rules>この効果は対象のレベルに応じて変化する。自動回復効果では発生しない。</rules>
超越者のレムナント,3069,"{'Health': '200', 'FlatMovementSpeed': '10', 'HealthRegeneration': '125', 'CooldownReduction': '10'}","['発動効果(重複不可) - ワード設置:1チャージ消費して、周囲の視界を確保する「ステルスワード」1個を設置する。効果は150秒間持続する。最大4チャージで、ショップを訪れることで補充できる。', 'クエスト:このアイテムの効果で500ゴールドを獲得。']",{},['自動効果(重複不可) - 恩寵:味方に倒されたミニオンが時々コインを落とす。コインを拾うと45ゴールドを獲得するか、減少マナの6%を回復(最少10)。砲台ミニオンは必ずコインを落とす。'], <stats>体力 +200<br>移動速度 +10<br>基本体力自動回復 +125%<br>クールダウン短縮 +10%<br>獲得ゴールド(10秒毎) +2</stats><br><br><unique>自動効果(重複不可) - 恩寵:</unique> 味方に倒されたミニオンが時々コインを落とす。コインを拾うと<font color='#D4AF37'>45</font>ゴールドを獲得するか、減少マナの<font color='#44DDFF'>6%</font>を回復(最少10)。砲台ミニオンは必ずコインを落とす。<hr><passive>クエスト:</passive> このアイテムの効果で500ゴールドを獲得。<br><passive>報酬:</passive> <active>発動効果(重複不可) - ワード設置:</active> 1チャージ消費して、周囲の視界を確保する<font color='#BBFFFF'>「ステルスワード」</font>1個を設置する。効果は150秒間持続する。最大4チャージで、ショップを訪れることで補充できる。<br><br><groupLimit>所持可能なゴールド増加アイテムは1個のみ。</groupLimit><br><br><rules><font color='#447777'>「輝く太陽を讃えよ」――歴史家シュレリア、CLE 25年9月22日</font></rules>
デッドマンプレート,3742,"{'Health': '425', 'Armor': '60'}",[],{},"['自動効果(重複不可) - 弩級:移動中「熾烈」スタックを溜める。最大100スタックで移動速度が60増加する。スタン、タウント、フィアー、ポリモーフ、またはスネアの影響下にある場合はスタックが減少する。', '自動効果(重複不可) - 豪撃:通常攻撃時に全スタックを消費して、1スタックあたり1の魔法ダメージを与える。自身が近接チャンピオンなら、最大スタック時には対象に1秒間50%のスロウ効果も与える。']", <stats>体力 +425<br>物理防御 +60</stats><br><br><unique>自動効果(重複不可) - 弩級:</unique> 移動中「熾烈」スタックを溜める。最大100スタックで移動速度が60増加する。スタン、タウント、フィアー、ポリモーフ、またはスネアの影響下にある場合はスタックが減少する。<br><unique>自動効果(重複不可) - 豪撃:</unique> 通常攻撃時に全スタックを消費して、1スタックあたり1の魔法ダメージを与える。自身が近接チャンピオンなら、最大スタック時には対象に1秒間50%のスロウ効果も与える。<br><br><flavorText>「私からこの鎧を奪う方法はただひとつ…」――忘れ去られし彼の者</flavorText>
始まりのストップウォッチ,2419,{},[],{},[], 10分経過後に「ストップウォッチ」に変化する。この「ストップウォッチ」はアップグレードの際に250ゴールドの価値として扱われる。<br><br><rules>(通常の「ストップウォッチ」のアップグレード時の価値は600ゴールド)</rules>
エッセンスリーバー,3508,"{'AttackDamage': '70', 'CriticalStrikeChance': '20'}",[],{'CooldownReduction': '10'},"['自動効果(重複不可):他の要因で得たクリティカル率から、さらにクールダウン短縮の割合が増加する(最大でクリティカル率30%時に20%のクールダウン短縮のボーナス獲得)。', '自動効果(重複不可):クリティカル発生で自身の最大マナ値の3%を回復。']", <stats>攻撃力 +70<br>クリティカル率 +20%</stats><br><br><unique>自動効果(重複不可):</unique> クールダウン短縮 +10%<br><unique>自動効果(重複不可):</unique> 他の要因で得たクリティカル率から、さらにクールダウン短縮の割合が増加する(最大でクリティカル率30%時に20%のクールダウン短縮のボーナス獲得)。<br><unique>自動効果(重複不可):</unique> クリティカル発生で自身の最大マナ値の3%を回復。
